-- MySQL dump 10.11
--
-- Host: localhost    Database: geobob_production
-- ------------------------------------------------------
-- Server version	5.0.51a-24+lenny5

/*!40101 SET @OLD_CHARACTER_SET_CLIENT=@@CHARACTER_SET_CLIENT */;
/*!40101 SET @OLD_CHARACTER_SET_RESULTS=@@CHARACTER_SET_RESULTS */;
/*!40101 SET @OLD_COLLATION_CONNECTION=@@COLLATION_CONNECTION */;
/*!40101 SET NAMES utf8 */;
/*!40103 SET @OLD_TIME_ZONE=@@TIME_ZONE */;
/*!40103 SET TIME_ZONE='+00:00' */;
/*!40014 SET @OLD_UNIQUE_CHECKS=@@UNIQUE_CHECKS, UNIQUE_CHECKS=0 */;
/*!40014 SET @OLD_FOREIGN_KEY_CHECKS=@@FOREIGN_KEY_CHECKS, FOREIGN_KEY_CHECKS=0 */;
/*!40101 SET @OLD_SQL_MODE=@@SQL_MODE, SQL_MODE='NO_AUTO_VALUE_ON_ZERO' */;
/*!40111 SET @OLD_SQL_NOTES=@@SQL_NOTES, SQL_NOTES=0 */;

--
-- Table structure for table `access_code_requests`
--

DROP TABLE IF EXISTS `access_code_requests`;
SET @saved_cs_client     = @@character_set_client;
SET character_set_client = utf8;
CREATE TABLE `access_code_requests` (
  `id` int(11) NOT NULL auto_increment,
  `email` varchar(255) collate utf8_unicode_ci default NULL,
  `code_sent_at` datetime default NULL,
  `created_at` datetime default NULL,
  `updated_at` datetime default NULL,
  PRIMARY KEY  (`id`),
  KEY `index_access_code_requests_on_email` (`email`)
) ENGINE=InnoDB DEFAULT CHARSET=utf8 COLLATE=utf8_unicode_ci;
SET character_set_client = @saved_cs_client;

--
-- Dumping data for table `access_code_requests`
--

LOCK TABLES `access_code_requests` WRITE;
/*!40000 ALTER TABLE `access_code_requests` DISABLE KEYS */;
/*!40000 ALTER TABLE `access_code_requests` ENABLE KEYS */;
UNLOCK TABLES;

--
-- Table structure for table `access_codes`
--

DROP TABLE IF EXISTS `access_codes`;
SET @saved_cs_client     = @@character_set_client;
SET character_set_client = utf8;
CREATE TABLE `access_codes` (
  `id` int(11) NOT NULL auto_increment,
  `code` varchar(255) collate utf8_unicode_ci default NULL,
  `uses` int(11) NOT NULL default '0',
  `unlimited` tinyint(1) NOT NULL default '0',
  `expires_at` datetime default NULL,
  `use_limit` int(11) NOT NULL default '1',
  `created_at` datetime default NULL,
  `updated_at` datetime default NULL,
  PRIMARY KEY  (`id`),
  KEY `index_access_codes_on_code` (`code`)
) ENGINE=InnoDB DEFAULT CHARSET=utf8 COLLATE=utf8_unicode_ci;
SET character_set_client = @saved_cs_client;

--
-- Dumping data for table `access_codes`
--

LOCK TABLES `access_codes` WRITE;
/*!40000 ALTER TABLE `access_codes` DISABLE KEYS */;
/*!40000 ALTER TABLE `access_codes` ENABLE KEYS */;
UNLOCK TABLES;

--
-- Table structure for table `answers`
--

DROP TABLE IF EXISTS `answers`;
SET @saved_cs_client     = @@character_set_client;
SET character_set_client = utf8;
CREATE TABLE `answers` (
  `id` int(11) NOT NULL auto_increment,
  `content_id` int(11) default NULL,
  `answer` varchar(255) collate utf8_unicode_ci default NULL,
  `correct` tinyint(1) default NULL,
  `created_at` datetime default NULL,
  `updated_at` datetime default NULL,
  `correct_feedback` varchar(255) collate utf8_unicode_ci default NULL,
  `incorrect_feedback` varchar(255) collate utf8_unicode_ci default NULL,
  PRIMARY KEY  (`id`),
  KEY `index_answers_on_question_id` (`content_id`)
) ENGINE=InnoDB AUTO_INCREMENT=62 DEFAULT CHARSET=utf8 COLLATE=utf8_unicode_ci;
SET character_set_client = @saved_cs_client;

--
-- Dumping data for table `answers`
--

LOCK TABLES `answers` WRITE;
/*!40000 ALTER TABLE `answers` DISABLE KEYS */;
INSERT INTO `answers` VALUES (14,6,'North Path',0,'2011-03-18 18:13:23','2011-03-18 18:13:23','','Nope: 2+3 = 5'),(15,6,'West Path',1,'2011-03-18 18:13:23','2011-03-18 18:13:23','Yup! 3+1 = 4',''),(16,6,'East Path',0,'2011-03-18 18:13:23','2011-03-18 18:13:23','','Nope: 1+1 = 2'),(17,6,'South Pass',0,'2011-03-18 18:13:23','2011-03-18 18:13:23','','Nope: 4+2 = 6'),(18,7,'4',0,'2011-03-18 18:18:41','2011-03-18 18:18:41','','Nope: You will need to add both numbers together to get the asnwer.'),(19,7,'6',0,'2011-03-18 18:18:41','2011-03-18 18:18:41','','Nope: You will need to add both numbers together to get the asnwer.'),(20,7,'10',0,'2011-03-18 18:18:41','2011-03-18 18:18:41','Yup! 4+6 = 10',''),(21,7,'2',0,'2011-03-18 18:18:41','2011-03-18 18:18:41','','Nope: Try adding the numbers.'),(22,16,'North',0,'2011-04-06 14:06:58','2011-04-06 14:06:58','','nope!'),(23,16,'South',0,'2011-04-06 14:06:58','2011-04-06 14:06:58','','nope!'),(24,16,'West',0,'2011-04-06 14:06:58','2011-06-07 20:37:51','','nope!'),(25,16,'East',1,'2011-04-06 14:06:58','2011-06-07 20:37:51','yep! 6-2=4',''),(26,18,'4',0,'2011-04-06 14:39:08','2011-04-06 14:39:08','','No, that’s the wrong answer. Remember you saw 6 trees and then you saw 4 trees. How many trees did you see in all? '),(27,18,'6',0,'2011-04-06 14:39:08','2011-04-06 14:39:08','','No, that’s not right. You saw 6 + 4 trees. How many did you see? '),(28,18,'10',1,'2011-04-06 14:39:08','2011-04-06 14:39:08','Great job! 6+4=10',''),(29,18,'2',0,'2011-04-06 14:39:08','2011-04-06 14:39:08','','No, that’s not right. You saw 6 + 4 trees. How many did you see? '),(30,24,'14',1,'2011-04-06 14:45:58','2011-04-06 14:45:58','Great! 26-12=14',''),(31,24,'26',0,'2011-04-06 14:45:58','2011-04-06 14:45:58','','No, that’s the wrong answer. Remember the river is 26 feet wide and you know you have 12 feet of blue rope. How much'),(32,24,'12',0,'2011-04-06 14:45:58','2011-04-06 14:45:58','','No, that’s the wrong answer. Remember the river is 26 feet wide and you know you have 12 feet of blue rope. How much'),(33,24,'10',0,'2011-04-06 14:45:58','2011-04-06 14:45:58','','No, that’s not right. You need 26 feet and you have 12 feet.  How much do you need?  26-12=?'),(34,29,'12',0,'2011-04-06 14:50:55','2011-04-06 14:50:55','','No, that’s the wrong answer. Remember you went up 30 meters and dropped your backpack at 12 meters. How many meters do you have to go down from 30 meters to 12 meters?  '),(35,29,'30',0,'2011-04-06 14:50:55','2011-04-06 14:50:55','','No, that’s not right. You are at 3 meters. You need to go to 12 meters. How many meters do you need to go? 30-12=?'),(36,29,'18',1,'2011-04-06 14:50:55','2011-04-06 14:50:55','Great! 30-12=18',''),(37,29,'42',0,'2011-04-06 14:50:55','2011-04-06 14:50:55','','No, that’s not right. You are at 3 meters. You need to go to 12 meters. How many meters do you need to go? 30-12=?'),(38,32,'26',0,'2011-04-06 14:55:05','2011-04-06 14:55:05','','Nope!'),(39,32,'25',1,'2011-04-06 14:55:05','2011-04-06 14:55:05','Yep!',''),(40,32,'12',0,'2011-04-06 14:55:05','2011-04-06 14:55:05','','Nope!'),(41,32,'30',0,'2011-04-06 14:55:05','2011-04-06 14:55:05','','Nope!'),(42,38,'10',0,'2011-04-06 15:03:11','2011-04-06 15:03:11','','Nope!'),(43,38,'4',1,'2011-04-06 15:03:11','2011-06-07 23:37:01','Yep! 20-16=4',''),(44,38,'20',0,'2011-04-06 15:03:11','2011-05-13 17:16:04','','Nope!'),(45,38,'52',0,'2011-04-06 15:03:11','2011-04-06 15:03:11','','Nope!'),(54,34,'25',1,'2011-06-07 19:07:21','2011-06-07 19:13:17','Correct! 10+12+3=25',''),(55,34,'22',0,'2011-06-07 19:13:17','2011-06-07 19:13:17','','No, that\'s the wrong answer.'),(56,34,'19',0,'2011-06-07 19:13:17','2011-06-07 19:13:17','','No, that\'s the wrong answer.'),(57,34,'15',0,'2011-06-07 19:13:17','2011-06-07 19:13:17','','No, that\'s the wrong answer.'),(58,71,'13',0,'2011-06-07 19:13:17','2011-06-07 19:13:17','','No, that\'s the wrong answer.'),(59,71,'10',0,'2011-06-07 19:13:17','2011-06-07 19:13:17','','No, that\'s the wrong answer.'),(60,71,'12',1,'2011-06-07 19:13:17','2011-06-07 19:13:17','Yes! 25-13=12',''),(61,71,'50',0,'2011-06-07 19:13:17','2011-06-07 19:13:17','','No, that\'s the wrong answer.');
/*!40000 ALTER TABLE `answers` ENABLE KEYS */;
UNLOCK TABLES;

--
-- Table structure for table `app_feeds`
--

DROP TABLE IF EXISTS `app_feeds`;
SET @saved_cs_client     = @@character_set_client;
SET character_set_client = utf8;
CREATE TABLE `app_feeds` (
  `id` int(11) NOT NULL auto_increment,
  `title` varchar(255) collate utf8_unicode_ci default NULL,
  `url` varchar(2083) collate utf8_unicode_ci default NULL,
  `icon_file_name` varchar(255) collate utf8_unicode_ci default NULL,
  `icon_content_type` varchar(255) collate utf8_unicode_ci default NULL,
  `icon_file_size` int(11) default NULL,
  `created_at` datetime default NULL,
  `updated_at` datetime default NULL,
  `sort` int(11) default '0',
  `project_id` int(11) default NULL,
  PRIMARY KEY  (`id`)
) ENGINE=InnoDB AUTO_INCREMENT=2 DEFAULT CHARSET=utf8 COLLATE=utf8_unicode_ci;
SET character_set_client = @saved_cs_client;

--
-- Dumping data for table `app_feeds`
--

LOCK TABLES `app_feeds` WRITE;
/*!40000 ALTER TABLE `app_feeds` DISABLE KEYS */;
INSERT INTO `app_feeds` VALUES (1,'RSS','http://www.example.com/rss',NULL,NULL,NULL,'2010-08-17 20:40:35','2010-08-17 20:40:35',0,1);
/*!40000 ALTER TABLE `app_feeds` ENABLE KEYS */;
UNLOCK TABLES;

--
-- Table structure for table `app_links`
--

DROP TABLE IF EXISTS `app_links`;
SET @saved_cs_client     = @@character_set_client;
SET character_set_client = utf8;
CREATE TABLE `app_links` (
  `id` int(11) NOT NULL auto_increment,
  `title` varchar(255) collate utf8_unicode_ci default NULL,
  `url` varchar(2083) collate utf8_unicode_ci default NULL,
  `icon_file_name` varchar(255) collate utf8_unicode_ci default NULL,
  `icon_content_type` varchar(255) collate utf8_unicode_ci default NULL,
  `icon_file_size` int(11) default NULL,
  `created_at` datetime default NULL,
  `updated_at` datetime default NULL,
  `sort` int(11) default '0',
  `project_id` int(11) default NULL,
  PRIMARY KEY  (`id`)
) ENGINE=InnoDB AUTO_INCREMENT=3 DEFAULT CHARSET=utf8 COLLATE=utf8_unicode_ci;
SET character_set_client = @saved_cs_client;

--
-- Dumping data for table `app_links`
--

LOCK TABLES `app_links` WRITE;
/*!40000 ALTER TABLE `app_links` DISABLE KEYS */;
INSERT INTO `app_links` VALUES (1,'Link','http://www.example.com',NULL,NULL,NULL,'2010-08-17 20:40:29','2010-08-17 20:40:29',0,1),(2,'Link','http://www.example.com',NULL,NULL,NULL,'2010-08-17 20:40:32','2010-08-17 20:40:32',0,1);
/*!40000 ALTER TABLE `app_links` ENABLE KEYS */;
UNLOCK TABLES;

--
-- Table structure for table `app_maps`
--

DROP TABLE IF EXISTS `app_maps`;
SET @saved_cs_client     = @@character_set_client;
SET character_set_client = utf8;
CREATE TABLE `app_maps` (
  `id` int(11) NOT NULL auto_increment,
  `title` varchar(255) collate utf8_unicode_ci default NULL,
  `google_map_feed` varchar(2083) collate utf8_unicode_ci default NULL,
  `string` varchar(2083) collate utf8_unicode_ci default NULL,
  `location` varchar(255) collate utf8_unicode_ci default NULL,
  `zoom_level` int(11) default NULL,
  `lat` decimal(15,10) default NULL,
  `lng` decimal(15,10) default NULL,
  `icon_list` text collate utf8_unicode_ci,
  `created_at` datetime default NULL,
  `updated_at` datetime default NULL,
  `sort` int(11) default '0',
  `project_id` int(11) default NULL,
  `icon_file_name` varchar(255) collate utf8_unicode_ci default NULL,
  `icon_content_type` varchar(255) collate utf8_unicode_ci default NULL,
  `icon_file_size` int(11) default NULL,
  PRIMARY KEY  (`id`)
) ENGINE=InnoDB DEFAULT CHARSET=utf8 COLLATE=utf8_unicode_ci;
SET character_set_client = @saved_cs_client;

--
-- Dumping data for table `app_maps`
--

LOCK TABLES `app_maps` WRITE;
/*!40000 ALTER TABLE `app_maps` DISABLE KEYS */;
/*!40000 ALTER TABLE `app_maps` ENABLE KEYS */;
UNLOCK TABLES;

--
-- Table structure for table `contents`
--

DROP TABLE IF EXISTS `contents`;
SET @saved_cs_client     = @@character_set_client;
SET character_set_client = utf8;
CREATE TABLE `contents` (
  `id` int(11) NOT NULL auto_increment,
  `fact_id` int(11) default NULL,
  `content` text collate utf8_unicode_ci,
  `created_at` datetime default NULL,
  `updated_at` datetime default NULL,
  `position` int(11) default NULL,
  `category` varchar(255) collate utf8_unicode_ci default NULL,
  `video_file_name` varchar(255) collate utf8_unicode_ci default NULL,
  `video_content_type` varchar(255) collate utf8_unicode_ci default NULL,
  `video_file_size` int(11) default NULL,
  `video_updated_at` datetime default NULL,
  PRIMARY KEY  (`id`),
  KEY `index_questions_on_fact_id` (`fact_id`)
) ENGINE=InnoDB AUTO_INCREMENT=74 DEFAULT CHARSET=utf8 COLLATE=utf8_unicode_ci;
SET character_set_client = @saved_cs_client;

--
-- Dumping data for table `contents`
--

LOCK TABLES `contents` WRITE;
/*!40000 ALTER TABLE `contents` DISABLE KEYS */;
INSERT INTO `contents` VALUES (6,58,'Compass Minigame:\r\nThe north path has 2+3 trees. \r\nThe west path has 3+1 trees.\r\nThe east path has 1+1 trees.\r\nThe south path has 4+2 trees.\r\n\r\nWhich path has 4 trees?\r\n ','2011-03-18 18:13:23','2011-03-18 18:13:23',NULL,NULL,NULL,NULL,NULL,NULL),(7,59,'You saw 6 trees at the entrance, and took the path with 4 trees how many trees did you pass through the forest? ','2011-03-18 18:18:41','2011-03-18 18:18:41',NULL,NULL,NULL,NULL,NULL,NULL),(14,62,'<!--\r\n***INSTRUCTIONS***\r\nTo Change Background: \r\n	Find this line: \"background-image:url(ContentBackground001.jpg);\"\r\n	Replace \"contentbackground001.jpg\" with your file name. Do not include a path. \r\nAdd Image Content:\r\n	In the body section find this line: <div align=\"center\"><img width=\"242\" height=\"144\" src=\"ContentImage.jpg\">\r\n	Replace \"ContentImage.jpg\" with your own image file. Do not include a path. \r\nAdd Text Content:\r\n	In the body section find instances of \"Place Text Here\". Replace with your own text. \r\n -->\r\n\r\n<html xmlns=\"http://www.w3.org/1999/xhtml\" xml:lang=\"en\" lang=\"en\">\r\n<head>\r\n<meta http-equiv=\"content-type\" content=\"text/html; charset=utf-8\" />\r\n\r\n<style type=\"text/css\">\r\n/* <![CDATA[ */\r\n\r\n	.style01 {\r\n		color: #FFFFFF;\r\n		font-family: Arial, Helvetica, sans-serif;\r\n		font-size: 16px;\r\n		}\r\n	\r\n	body {\r\n		margin:0; padding:0;\r\n		font-size:16;\r\n		font-family: sans-serif;\r\n		}\r\n\r\n	#container {\r\n/* Replace \"ContentBackground001.jpg\" with your own background image. */\r\n		background-image:url(ContentBackground001.png);\r\n	    width:320px;\r\n		height:350px;\r\n		padding:0;\r\n		border:0;\r\n		overflow:hidden;\r\n		}\r\n			\r\n  	#header {\r\n	    width:320px;\r\n		height:1px;\r\n		padding:0;\r\n		border:0;\r\n		overflow:hidden;\r\n		}\r\n\r\n  	#footer {\r\n		width:320px;\r\n		height:30px;\r\n		padding:0;\r\n		}\r\n\r\n	#text {\r\n		width:244px;\r\n		height:130px;\r\n		padding:0;\r\n		overflow: hidden;\r\n		margin: 10px 38px 10px 38px\r\n		}\r\n\r\n	#content01 {\r\n		width: 320px;\r\n		height: 180px; \r\n		padding: 0;\r\n		overflow: hidden;\r\n	 	}\r\n		\r\n	#content02 {\r\n		width: 320px;\r\n		height: 138px; \r\n		padding: 0;\r\n		overflow: hidden;\r\n	 	}\r\n		\r\n	#divider {\r\n		width: 320px;\r\n		height: 14px; \r\n		padding: 0;\r\n	 	}\r\n		\r\n/* ]]> */\r\n</style>\r\n\r\n</head>\r\n<body>\r\n	\r\n<div id=\"container\">\r\n\r\n<div id=\"header\">\r\n   	</div>\r\n<div id=\"content01\">\r\n<!--Replace \"ContentImage.jpg\" here with your own image. -->\r\n	<div align=\"center\"><img width=\"320\" height=\"180\" src=\"M01_Pin01_001.png\">\r\n    </div>\r\n</div>\r\n<div id=\"divider\">\r\n</div>\r\n<div id=\"content02\">\r\n	<div id=\"text\" class=\"style01\">\r\n<!--Replace \"Place Text Here\" with your own text. -->\r\n  		<p><br>At the entrance to the forest you see <b><i>six</i></b> trees.</p>\r\n        <p></p>\r\n     \r\n  	</div>\r\n    </div>\r\n\r\n  	<div id=\"footer\">\r\n       	</div>\r\n    \r\n</div>\r\n\r\n</body>\r\n</html>','2011-04-06 14:02:26','2011-06-04 17:53:52',1,'content',NULL,NULL,NULL,NULL),(15,63,'<!--\r\n***INSTRUCTIONS***\r\nTo Change Background: \r\n	Find this line: \"background-image:url(ContentBackground001.jpg);\"\r\n	Replace \"contentbackground001.jpg\" with your file name. Do not include a path. \r\nAdd Image Content:\r\n	In the body section find this line: <div align=\"center\"><img width=\"242\" height=\"144\" src=\"ContentImage.jpg\">\r\n	Replace \"ContentImage.jpg\" with your own image file. Do not include a path. \r\nAdd Text Content:\r\n	In the body section find instances of \"Place Text Here\". Replace with your own text. \r\n -->\r\n\r\n<html xmlns=\"http://www.w3.org/1999/xhtml\" xml:lang=\"en\" lang=\"en\">\r\n<head>\r\n<meta http-equiv=\"content-type\" content=\"text/html; charset=utf-8\" />\r\n\r\n<style type=\"text/css\">\r\n/* <![CDATA[ */\r\n\r\n	.style01 {\r\n		color: #FFFFFF;\r\n		font-family: Arial, Helvetica, sans-serif;\r\n		font-size: 16px;\r\n		}\r\n	\r\n	body {\r\n		margin:0; padding:0;\r\n		font-size:16;\r\n		font-family: sans-serif;\r\n		}\r\n\r\n	#container {\r\n/* Replace \"ContentBackground001.jpg\" with your own background image. */\r\n		background-image:url(ContentBackground001.png);\r\n	    width:320px;\r\n		height:350px;\r\n		padding:0;\r\n		border:0;\r\n		overflow:hidden;\r\n		}\r\n			\r\n  	#header {\r\n	    width:320px;\r\n		height:1px;\r\n		padding:0;\r\n		border:0;\r\n		overflow:hidden;\r\n		}\r\n\r\n  	#footer {\r\n		width:320px;\r\n		height:30px;\r\n		padding:0;\r\n		}\r\n\r\n	#text {\r\n		width:244px;\r\n		height:130px;\r\n		padding:0;\r\n		overflow: hidden;\r\n		margin: 10px 38px 10px 38px\r\n		}\r\n\r\n	#content01 {\r\n		width: 320px;\r\n		height: 180px; \r\n		padding: 0;\r\n		overflow: hidden;\r\n	 	}\r\n		\r\n	#content02 {\r\n		width: 320px;\r\n		height: 138px; \r\n		padding: 0;\r\n		overflow: hidden;\r\n	 	}\r\n		\r\n	#divider {\r\n		width: 320px;\r\n		height: 14px; \r\n		padding: 0;\r\n	 	}\r\n		\r\n/* ]]> */\r\n</style>\r\n\r\n</head>\r\n<body>\r\n	\r\n<div id=\"container\">\r\n\r\n<div id=\"header\">\r\n   	</div>\r\n<div id=\"content01\">\r\n<!--Replace \"ContentImage.jpg\" here with your own image. -->\r\n	<div align=\"center\"><img width=\"320\" height=\"180\" src=\"M01_Pin02_001.png\">\r\n    </div>\r\n</div>\r\n<div id=\"divider\">\r\n</div>\r\n<div id=\"content02\">\r\n	<div id=\"text\" class=\"style01\">\r\n<!--Replace \"Place Text Here\" with your own text. -->\r\n  		<p><b>Sidekick:</b></p>\r\n        <p>The path <i>splits!</i> Which path should we take?</p>\r\n     \r\n  	</div>\r\n    </div>\r\n\r\n  	<div id=\"footer\">\r\n       	</div>\r\n    \r\n</div>\r\n\r\n</body>\r\n</html>','2011-04-06 14:06:58','2011-06-04 17:56:23',1,'content',NULL,NULL,NULL,NULL),(16,63,'North path has 2+3 trees.\r\nSouth path has 1+1 trees.\r\nWest path has 5-2 trees.\r\nEast path has 6-2 trees.\r\n\r\nWhich path has 4 trees?','2011-04-06 14:06:58','2011-06-07 20:37:51',3,'question',NULL,NULL,NULL,NULL),(17,64,'<!--\r\n***INSTRUCTIONS***\r\nTo Change Background: \r\n	Find this line: \"background-image:url(ContentBackground001.jpg);\"\r\n	Replace \"contentbackground001.jpg\" with your file name. Do not include a path. \r\nAdd Image Content:\r\n	In the body section find this line: <div align=\"center\"><img width=\"242\" height=\"144\" src=\"ContentImage.jpg\">\r\n	Replace \"ContentImage.jpg\" with your own image file. Do not include a path. \r\nAdd Text Content:\r\n	In the body section find instances of \"Place Text Here\". Replace with your own text. \r\n -->\r\n\r\n<html xmlns=\"http://www.w3.org/1999/xhtml\" xml:lang=\"en\" lang=\"en\">\r\n<head>\r\n<meta http-equiv=\"content-type\" content=\"text/html; charset=utf-8\" />\r\n\r\n<style type=\"text/css\">\r\n/* <![CDATA[ */\r\n\r\n	.style01 {\r\n		color: #FFFFFF;\r\n		font-family: Arial, Helvetica, sans-serif;\r\n		font-size: 16px;\r\n		}\r\n	\r\n	body {\r\n		margin:0; padding:0;\r\n		font-size:16;\r\n		font-family: sans-serif;\r\n		}\r\n\r\n	#container {\r\n/* Replace \"ContentBackground001.jpg\" with your own background image. */\r\n		background-image:url(ContentBackground001.png);\r\n	    width:320px;\r\n		height:350px;\r\n		padding:0;\r\n		border:0;\r\n		overflow:hidden;\r\n		}\r\n			\r\n  	#header {\r\n	    width:320px;\r\n		height:1px;\r\n		padding:0;\r\n		border:0;\r\n		overflow:hidden;\r\n		}\r\n\r\n  	#footer {\r\n		width:320px;\r\n		height:30px;\r\n		padding:0;\r\n		}\r\n\r\n	#text {\r\n		width:244px;\r\n		height:130px;\r\n		padding:0;\r\n		overflow: hidden;\r\n		margin: 10px 38px 10px 38px\r\n		}\r\n\r\n	#content01 {\r\n		width: 320px;\r\n		height: 180px; \r\n		padding: 0;\r\n		overflow: hidden;\r\n	 	}\r\n		\r\n	#content02 {\r\n		width: 320px;\r\n		height: 138px; \r\n		padding: 0;\r\n		overflow: hidden;\r\n	 	}\r\n		\r\n	#divider {\r\n		width: 320px;\r\n		height: 14px; \r\n		padding: 0;\r\n	 	}\r\n		\r\n/* ]]> */\r\n</style>\r\n\r\n</head>\r\n<body>\r\n	\r\n<div id=\"container\">\r\n\r\n<div id=\"header\">\r\n   	</div>\r\n<div id=\"content01\">\r\n<!--Replace \"ContentImage.jpg\" here with your own image. -->\r\n	<div align=\"center\"><img width=\"320\" height=\"180\" src=\"M01_Pin03_001.png\">\r\n    </div>\r\n</div>\r\n<div id=\"divider\">\r\n</div>\r\n<div id=\"content02\">\r\n	<div id=\"text\" class=\"style01\">\r\n<!--Replace \"Place Text Here\" with your own text. -->\r\n  		<p><b>Sidekick:</b></p>\r\n        <p>We made it through the forest!!</p>\r\n     \r\n  	</div>\r\n    </div>\r\n\r\n  	<div id=\"footer\">\r\n       	</div>\r\n    \r\n</div>\r\n\r\n</body>\r\n</html>','2011-04-06 14:39:08','2011-06-06 16:29:36',1,'content',NULL,NULL,NULL,NULL),(18,64,'You saw 6 trees at the forest entrance, and took the path the 4 trees. How many trees did you see in the forest?','2011-04-06 14:39:08','2011-04-06 14:39:08',2,'question',NULL,NULL,NULL,NULL),(19,64,'<!--\r\n***INSTRUCTIONS***\r\nTo Change Background: \r\n	Find this line: \"background-image:url(ContentBackground001.jpg);\"\r\n	Replace \"contentbackground001.jpg\" with your file name. Do not include a path. \r\nAdd Image Content:\r\n	In the body section find this line: <div align=\"center\"><img width=\"242\" height=\"144\" src=\"ContentImage.jpg\">\r\n	Replace \"ContentImage.jpg\" with your own image file. Do not include a path. \r\nAdd Text Content:\r\n	In the body section find instances of \"Place Text Here\". Replace with your own text. \r\n -->\r\n\r\n<html xmlns=\"http://www.w3.org/1999/xhtml\" xml:lang=\"en\" lang=\"en\">\r\n<head>\r\n<meta http-equiv=\"content-type\" content=\"text/html; charset=utf-8\" />\r\n\r\n<style type=\"text/css\">\r\n/* <![CDATA[ */\r\n\r\n	.style01 {\r\n		color: #FFFFFF;\r\n		font-family: Arial, Helvetica, sans-serif;\r\n		font-size: 16px;\r\n		}\r\n	\r\n	body {\r\n		margin:0; padding:0;\r\n		font-size:16;\r\n		font-family: sans-serif;\r\n		}\r\n\r\n	#container {\r\n/* Replace \"ContentBackground001.jpg\" with your own background image. */\r\n		background-image:url(ContentBackground001.png);\r\n	    width:320px;\r\n		height:350px;\r\n		padding:0;\r\n		border:0;\r\n		overflow:hidden;\r\n		}\r\n			\r\n  	#header {\r\n	    width:320px;\r\n		height:1px;\r\n		padding:0;\r\n		border:0;\r\n		overflow:hidden;\r\n		}\r\n\r\n  	#footer {\r\n		width:320px;\r\n		height:30px;\r\n		padding:0;\r\n		}\r\n\r\n	#text {\r\n		width:244px;\r\n		height:130px;\r\n		padding:0;\r\n		overflow: hidden;\r\n		margin: 10px 38px 10px 38px\r\n		}\r\n\r\n	#content01 {\r\n		width: 320px;\r\n		height: 180px; \r\n		padding: 0;\r\n		overflow: hidden;\r\n	 	}\r\n		\r\n	#content02 {\r\n		width: 320px;\r\n		height: 138px; \r\n		padding: 0;\r\n		overflow: hidden;\r\n	 	}\r\n		\r\n	#divider {\r\n		width: 320px;\r\n		height: 14px; \r\n		padding: 0;\r\n	 	}\r\n		\r\n/* ]]> */\r\n</style>\r\n\r\n</head>\r\n<body>\r\n	\r\n<div id=\"container\">\r\n\r\n<div id=\"header\">\r\n   	</div>\r\n<div id=\"content01\">\r\n<!--Replace \"ContentImage.jpg\" here with your own image. -->\r\n	<div align=\"center\"><img width=\"320\" height=\"180\" src=\"M01_SidekickGreat.png\">\r\n    </div>\r\n</div>\r\n<div id=\"divider\">\r\n</div>\r\n<div id=\"content02\">\r\n	<div id=\"text\" class=\"style01\">\r\n<!--Replace \"Place Text Here\" with your own text. -->\r\n  		<p><b>Sidekick:</b></p>\r\n        <p><font color=\"yellow\"><i><b>Great Job!!</i></b></font></p>\r\n     \r\n  	</div>\r\n    </div>\r\n\r\n  	<div id=\"footer\">\r\n       	</div>\r\n    \r\n</div>\r\n\r\n</body>\r\n</html>','2011-04-06 14:39:08','2011-06-06 16:29:36',3,'content',NULL,NULL,NULL,NULL),(20,64,'<!--\r\n***INSTRUCTIONS***\r\nTo Change Background: \r\n	Find this line: \"background-image:url(ContentBackground001.jpg);\"\r\n	Replace \"contentbackground001.jpg\" with your file name. Do not include a path. \r\nAdd Image Content:\r\n	In the body section find this line: <div align=\"center\"><img width=\"242\" height=\"144\" src=\"ContentImage.jpg\">\r\n	Replace \"ContentImage.jpg\" with your own image file. Do not include a path. \r\nAdd Text Content:\r\n	In the body section find instances of \"Place Text Here\". Replace with your own text. \r\n -->\r\n\r\n<html xmlns=\"http://www.w3.org/1999/xhtml\" xml:lang=\"en\" lang=\"en\">\r\n<head>\r\n<meta http-equiv=\"content-type\" content=\"text/html; charset=utf-8\" />\r\n\r\n<style type=\"text/css\">\r\n/* <![CDATA[ */\r\n\r\n	.style01 {\r\n		color: #FFFFFF;\r\n		font-family: Arial, Helvetica, sans-serif;\r\n		font-size: 16px;\r\n		}\r\n	\r\n	body {\r\n		margin:0; padding:0;\r\n		font-size:16;\r\n		font-family: sans-serif;\r\n		}\r\n\r\n	#container {\r\n/* Replace \"ContentBackground001.jpg\" with your own background image. */\r\n		background-image:url(ContentBackground001.png);\r\n	    width:320px;\r\n		height:350px;\r\n		padding:0;\r\n		border:0;\r\n		overflow:hidden;\r\n		}\r\n			\r\n  	#header {\r\n	    width:320px;\r\n		height:1px;\r\n		padding:0;\r\n		border:0;\r\n		overflow:hidden;\r\n		}\r\n\r\n  	#footer {\r\n		width:320px;\r\n		height:30px;\r\n		padding:0;\r\n		}\r\n\r\n	#text {\r\n		width:244px;\r\n		height:130px;\r\n		padding:0;\r\n		overflow: hidden;\r\n		margin: 10px 38px 10px 38px\r\n		}\r\n\r\n	#content01 {\r\n		width: 320px;\r\n		height: 180px; \r\n		padding: 0;\r\n		overflow: hidden;\r\n	 	}\r\n		\r\n	#content02 {\r\n		width: 320px;\r\n		height: 138px; \r\n		padding: 0;\r\n		overflow: hidden;\r\n	 	}\r\n		\r\n	#divider {\r\n		width: 320px;\r\n		height: 14px; \r\n		padding: 0;\r\n	 	}\r\n		\r\n/* ]]> */\r\n</style>\r\n\r\n</head>\r\n<body>\r\n	\r\n<div id=\"container\">\r\n\r\n<div id=\"header\">\r\n   	</div>\r\n<div id=\"content01\">\r\n<!--Replace \"ContentImage.jpg\" here with your own image. -->\r\n	<div align=\"center\"><img width=\"320\" height=\"180\" src=\"M01_SidekickRope.png\">\r\n    </div>\r\n</div>\r\n<div id=\"divider\">\r\n</div>\r\n<div id=\"content02\">\r\n	<div id=\"text\" class=\"style01\">\r\n<!--Replace \"Place Text Here\" with your own text. -->\r\n  		<p><b>Sidekick:</b></p>\r\n        <p>At the forest exit you found a piece of  <font color=\"red\"><i>red</i></font> rope!</p>\r\n     \r\n  	</div>\r\n    </div>\r\n\r\n  	<div id=\"footer\">\r\n       	</div>\r\n    \r\n</div>\r\n\r\n</body>\r\n</html>','2011-04-06 14:39:08','2011-06-06 16:29:36',4,'content',NULL,NULL,NULL,NULL),(21,65,'<!--\r\n***INSTRUCTIONS***\r\nTo Change Background: \r\n	Find this line: \"background-image:url(ContentBackground001.jpg);\"\r\n	Replace \"contentbackground001.jpg\" with your file name. Do not include a path. \r\nAdd Image Content:\r\n	In the body section find this line: <div align=\"center\"><img width=\"242\" height=\"144\" src=\"ContentImage.jpg\">\r\n	Replace \"ContentImage.jpg\" with your own image file. Do not include a path. \r\nAdd Text Content:\r\n	In the body section find instances of \"Place Text Here\". Replace with your own text. \r\n -->\r\n\r\n<html xmlns=\"http://www.w3.org/1999/xhtml\" xml:lang=\"en\" lang=\"en\">\r\n<head>\r\n<meta http-equiv=\"content-type\" content=\"text/html; charset=utf-8\" />\r\n\r\n<style type=\"text/css\">\r\n/* <![CDATA[ */\r\n\r\n	.style01 {\r\n		color: #FFFFFF;\r\n		font-family: Arial, Helvetica, sans-serif;\r\n		font-size: 16px;\r\n		}\r\n	\r\n	body {\r\n		margin:0; padding:0;\r\n		font-size:16;\r\n		font-family: sans-serif;\r\n		}\r\n\r\n	#container {\r\n/* Replace \"ContentBackground001.jpg\" with your own background image. */\r\n		background-image:url(ContentBackground001.png);\r\n	    width:320px;\r\n		height:350px;\r\n		padding:0;\r\n		border:0;\r\n		overflow:hidden;\r\n		}\r\n			\r\n  	#header {\r\n	    width:320px;\r\n		height:1px;\r\n		padding:0;\r\n		border:0;\r\n		overflow:hidden;\r\n		}\r\n\r\n  	#footer {\r\n		width:320px;\r\n		height:30px;\r\n		padding:0;\r\n		}\r\n\r\n	#text {\r\n		width:244px;\r\n		height:130px;\r\n		padding:0;\r\n		overflow: hidden;\r\n		margin: 10px 38px 10px 38px\r\n		}\r\n\r\n	#content01 {\r\n		width: 320px;\r\n		height: 180px; \r\n		padding: 0;\r\n		overflow: hidden;\r\n	 	}\r\n		\r\n	#content02 {\r\n		width: 320px;\r\n		height: 138px; \r\n		padding: 0;\r\n		overflow: hidden;\r\n	 	}\r\n		\r\n	#divider {\r\n		width: 320px;\r\n		height: 14px; \r\n		padding: 0;\r\n	 	}\r\n		\r\n/* ]]> */\r\n</style>\r\n\r\n</head>\r\n<body>\r\n	\r\n<div id=\"container\">\r\n\r\n<div id=\"header\">\r\n   	</div>\r\n<div id=\"content01\">\r\n<!--Replace \"ContentImage.jpg\" here with your own image. -->\r\n	<div align=\"center\"><img width=\"320\" height=\"180\" src=\"M01_Pin04_001.png\">\r\n    </div>\r\n</div>\r\n<div id=\"divider\">\r\n</div>\r\n<div id=\"content02\">\r\n	<div id=\"text\" class=\"style01\">\r\n<!--Replace \"Place Text Here\" with your own text. -->\r\n  		<p><b>Sidekick:</b></p>\r\n        <p>Oh no! The bridge is <i>broken</i>. We need to find another way to cross the river.</p>\r\n     \r\n  	</div>\r\n    </div>\r\n\r\n  	<div id=\"footer\">\r\n       	</div>\r\n    \r\n</div>\r\n\r\n</body>\r\n</html>','2011-04-06 14:41:37','2011-06-06 16:36:08',1,'content',NULL,NULL,NULL,NULL),(22,65,'<!--\r\n***INSTRUCTIONS***\r\nTo Change Background: \r\n	Find this line: \"background-image:url(ContentBackground001.jpg);\"\r\n	Replace \"contentbackground001.jpg\" with your file name. Do not include a path. \r\nAdd Image Content:\r\n	In the body section find this line: <div align=\"center\"><img width=\"242\" height=\"144\" src=\"ContentImage.jpg\">\r\n	Replace \"ContentImage.jpg\" with your own image file. Do not include a path. \r\nAdd Text Content:\r\n	In the body section find instances of \"Place Text Here\". Replace with your own text. \r\n -->\r\n\r\n<html xmlns=\"http://www.w3.org/1999/xhtml\" xml:lang=\"en\" lang=\"en\">\r\n<head>\r\n<meta http-equiv=\"content-type\" content=\"text/html; charset=utf-8\" />\r\n\r\n<style type=\"text/css\">\r\n/* <![CDATA[ */\r\n\r\n	.style01 {\r\n		color: #FFFFFF;\r\n		font-family: Arial, Helvetica, sans-serif;\r\n		font-size: 16px;\r\n		}\r\n	\r\n	body {\r\n		margin:0; padding:0;\r\n		font-size:16;\r\n		font-family: sans-serif;\r\n		}\r\n\r\n	#container {\r\n/* Replace \"ContentBackground001.jpg\" with your own background image. */\r\n		background-image:url(ContentBackground001.png);\r\n	    width:320px;\r\n		height:350px;\r\n		padding:0;\r\n		border:0;\r\n		overflow:hidden;\r\n		}\r\n			\r\n  	#header {\r\n	    width:320px;\r\n		height:1px;\r\n		padding:0;\r\n		border:0;\r\n		overflow:hidden;\r\n		}\r\n\r\n  	#footer {\r\n		width:320px;\r\n		height:30px;\r\n		padding:0;\r\n		}\r\n\r\n	#text {\r\n		width:244px;\r\n		height:130px;\r\n		padding:0;\r\n		overflow: hidden;\r\n		margin: 10px 38px 10px 38px\r\n		}\r\n\r\n	#content01 {\r\n		width: 320px;\r\n		height: 180px; \r\n		padding: 0;\r\n		overflow: hidden;\r\n	 	}\r\n		\r\n	#content02 {\r\n		width: 320px;\r\n		height: 138px; \r\n		padding: 0;\r\n		overflow: hidden;\r\n	 	}\r\n		\r\n	#divider {\r\n		width: 320px;\r\n		height: 14px; \r\n		padding: 0;\r\n	 	}\r\n		\r\n/* ]]> */\r\n</style>\r\n\r\n</head>\r\n<body>\r\n	\r\n<div id=\"container\">\r\n\r\n<div id=\"header\">\r\n   	</div>\r\n<div id=\"content01\">\r\n<!--Replace \"ContentImage.jpg\" here with your own image. -->\r\n	<div align=\"center\"><img width=\"320\" height=\"180\" src=\"M01_SidekickHook.png\">\r\n    </div>\r\n</div>\r\n<div id=\"divider\">\r\n</div>\r\n<div id=\"content02\">\r\n	<div id=\"text\" class=\"style01\">\r\n<!--Replace \"Place Text Here\" with your own text. -->\r\n  		<p><b>Sidekick:</b></p>\r\n        <p>Maybe this <font color=\"blue\"><i>blue</i></font> piece of rope will help us to cross the river. The <font color=\"blue\"><i>blue</i></font> rope is <i><b>twelve</b></i> feet long.</p>\r\n     \r\n  	</div>\r\n    </div>\r\n\r\n  	<div id=\"footer\">\r\n       	</div>\r\n    \r\n</div>\r\n\r\n</body>\r\n</html>','2011-04-06 14:41:37','2011-06-06 16:36:08',2,'content',NULL,NULL,NULL,NULL),(23,66,'<!--\r\n***INSTRUCTIONS***\r\nTo Change Background: \r\n	Find this line: \"background-image:url(ContentBackground001.jpg);\"\r\n	Replace \"contentbackground001.jpg\" with your file name. Do not include a path. \r\nAdd Image Content:\r\n	In the body section find this line: <div align=\"center\"><img width=\"242\" height=\"144\" src=\"ContentImage.jpg\">\r\n	Replace \"ContentImage.jpg\" with your own image file. Do not include a path. \r\nAdd Text Content:\r\n	In the body section find instances of \"Place Text Here\". Replace with your own text. \r\n -->\r\n\r\n<html xmlns=\"http://www.w3.org/1999/xhtml\" xml:lang=\"en\" lang=\"en\">\r\n<head>\r\n<meta http-equiv=\"content-type\" content=\"text/html; charset=utf-8\" />\r\n\r\n<style type=\"text/css\">\r\n/* <![CDATA[ */\r\n\r\n	.style01 {\r\n		color: #FFFFFF;\r\n		font-family: Arial, Helvetica, sans-serif;\r\n		font-size: 16px;\r\n		}\r\n	\r\n	body {\r\n		margin:0; padding:0;\r\n		font-size:16;\r\n		font-family: sans-serif;\r\n		}\r\n\r\n	#container {\r\n/* Replace \"ContentBackground001.jpg\" with your own background image. */\r\n		background-image:url(ContentBackground001.png);\r\n	    width:320px;\r\n		height:350px;\r\n		padding:0;\r\n		border:0;\r\n		overflow:hidden;\r\n		}\r\n			\r\n  	#header {\r\n	    width:320px;\r\n		height:1px;\r\n		padding:0;\r\n		border:0;\r\n		overflow:hidden;\r\n		}\r\n\r\n  	#footer {\r\n		width:320px;\r\n		height:30px;\r\n		padding:0;\r\n		}\r\n\r\n	#text {\r\n		width:244px;\r\n		height:130px;\r\n		padding:0;\r\n		overflow: hidden;\r\n		margin: 10px 38px 10px 38px\r\n		}\r\n\r\n	#content01 {\r\n		width: 320px;\r\n		height: 180px; \r\n		padding: 0;\r\n		overflow: hidden;\r\n	 	}\r\n		\r\n	#content02 {\r\n		width: 320px;\r\n		height: 138px; \r\n		padding: 0;\r\n		overflow: hidden;\r\n	 	}\r\n		\r\n	#divider {\r\n		width: 320px;\r\n		height: 14px; \r\n		padding: 0;\r\n	 	}\r\n		\r\n/* ]]> */\r\n</style>\r\n\r\n</head>\r\n<body>\r\n	\r\n<div id=\"container\">\r\n\r\n<div id=\"header\">\r\n   	</div>\r\n<div id=\"content01\">\r\n<!--Replace \"ContentImage.jpg\" here with your own image. -->\r\n	<div align=\"center\"><img width=\"320\" height=\"180\" src=\"M01_Pin05_001.png\">\r\n    </div>\r\n</div>\r\n<div id=\"divider\">\r\n</div>\r\n<div id=\"content02\">\r\n	<div id=\"text\" class=\"style01\">\r\n<!--Replace \"Place Text Here\" with your own text. -->\r\n  		<p><b>Sidekick:</b></p>\r\n        <p>This looks like a good place to cross. Use the rope to cross the river</p>\r\n     \r\n  	</div>\r\n    </div>\r\n\r\n  	<div id=\"footer\">\r\n       	</div>\r\n    \r\n</div>\r\n\r\n</body>\r\n</html>','2011-04-06 14:45:58','2011-06-06 16:43:53',1,'content',NULL,NULL,NULL,NULL),(24,66,'The river is 26 feet wide. The blue piece is 12 feet long. Tie the ropes together. How long does the red rope need to be to get across the river?','2011-04-06 14:45:58','2011-05-13 17:08:29',2,'question',NULL,NULL,NULL,NULL),(26,67,'<!--\r\n***INSTRUCTIONS***\r\nTo Change Background: \r\n	Find this line: \"background-image:url(ContentBackground001.jpg);\"\r\n	Replace \"contentbackground001.jpg\" with your file name. Do not include a path. \r\nAdd Image Content:\r\n	In the body section find this line: <div align=\"center\"><img width=\"242\" height=\"144\" src=\"ContentImage.jpg\">\r\n	Replace \"ContentImage.jpg\" with your own image file. Do not include a path. \r\nAdd Text Content:\r\n	In the body section find instances of \"Place Text Here\". Replace with your own text. \r\n -->\r\n\r\n<html xmlns=\"http://www.w3.org/1999/xhtml\" xml:lang=\"en\" lang=\"en\">\r\n<head>\r\n<meta http-equiv=\"content-type\" content=\"text/html; charset=utf-8\" />\r\n\r\n<style type=\"text/css\">\r\n/* <![CDATA[ */\r\n\r\n	.style01 {\r\n		color: #FFFFFF;\r\n		font-family: Arial, Helvetica, sans-serif;\r\n		font-size: 16px;\r\n		}\r\n	\r\n	body {\r\n		margin:0; padding:0;\r\n		font-size:16;\r\n		font-family: sans-serif;\r\n		}\r\n\r\n	#container {\r\n/* Replace \"ContentBackground001.jpg\" with your own background image. */\r\n		background-image:url(ContentBackground001.png);\r\n	    width:320px;\r\n		height:350px;\r\n		padding:0;\r\n		border:0;\r\n		overflow:hidden;\r\n		}\r\n			\r\n  	#header {\r\n	    width:320px;\r\n		height:1px;\r\n		padding:0;\r\n		border:0;\r\n		overflow:hidden;\r\n		}\r\n\r\n  	#footer {\r\n		width:320px;\r\n		height:30px;\r\n		padding:0;\r\n		}\r\n\r\n	#text {\r\n		width:244px;\r\n		height:130px;\r\n		padding:0;\r\n		overflow: hidden;\r\n		margin: 10px 38px 10px 38px\r\n		}\r\n\r\n	#content01 {\r\n		width: 320px;\r\n		height: 180px; \r\n		padding: 0;\r\n		overflow: hidden;\r\n	 	}\r\n		\r\n	#content02 {\r\n		width: 320px;\r\n		height: 138px; \r\n		padding: 0;\r\n		overflow: hidden;\r\n	 	}\r\n		\r\n	#divider {\r\n		width: 320px;\r\n		height: 14px; \r\n		padding: 0;\r\n	 	}\r\n		\r\n/* ]]> */\r\n</style>\r\n\r\n</head>\r\n<body>\r\n	\r\n<div id=\"container\">\r\n\r\n<div id=\"header\">\r\n   	</div>\r\n<div id=\"content01\">\r\n<!--Replace \"ContentImage.jpg\" here with your own image. -->\r\n	<div align=\"center\"><img width=\"320\" height=\"180\" src=\"M01_Pin06_001.png\">\r\n    </div>\r\n</div>\r\n<div id=\"divider\">\r\n</div>\r\n<div id=\"content02\">\r\n	<div id=\"text\" class=\"style01\">\r\n<!--Replace \"Place Text Here\" with your own text. -->\r\n  		<p><b>The sign says:</b><br> <i><b>Thirty</b></i> meters to the top of the mountain.</p>\r\n        <p></p>\r\n     \r\n  	</div>\r\n    </div>\r\n\r\n  	<div id=\"footer\">\r\n       	</div>\r\n    \r\n</div>\r\n\r\n</body>\r\n</html>','2011-04-06 14:47:53','2011-06-06 16:51:36',1,'content',NULL,NULL,NULL,NULL),(27,67,'<!--\r\n***INSTRUCTIONS***\r\nTo Change Background: \r\n	Find this line: \"background-image:url(ContentBackground001.jpg);\"\r\n	Replace \"contentbackground001.jpg\" with your file name. Do not include a path. \r\nAdd Image Content:\r\n	In the body section find this line: <div align=\"center\"><img width=\"242\" height=\"144\" src=\"ContentImage.jpg\">\r\n	Replace \"ContentImage.jpg\" with your own image file. Do not include a path. \r\nAdd Text Content:\r\n	In the body section find instances of \"Place Text Here\". Replace with your own text. \r\n -->\r\n\r\n<html xmlns=\"http://www.w3.org/1999/xhtml\" xml:lang=\"en\" lang=\"en\">\r\n<head>\r\n<meta http-equiv=\"content-type\" content=\"text/html; charset=utf-8\" />\r\n\r\n<style type=\"text/css\">\r\n/* <![CDATA[ */\r\n\r\n	.style01 {\r\n		color: #FFFFFF;\r\n		font-family: Arial, Helvetica, sans-serif;\r\n		font-size: 16px;\r\n		}\r\n	\r\n	body {\r\n		margin:0; padding:0;\r\n		font-size:16;\r\n		font-family: sans-serif;\r\n		}\r\n\r\n	#container {\r\n/* Replace \"ContentBackground001.jpg\" with your own background image. */\r\n		background-image:url(ContentBackground001.png);\r\n	    width:320px;\r\n		height:350px;\r\n		padding:0;\r\n		border:0;\r\n		overflow:hidden;\r\n		}\r\n			\r\n  	#header {\r\n	    width:320px;\r\n		height:1px;\r\n		padding:0;\r\n		border:0;\r\n		overflow:hidden;\r\n		}\r\n\r\n  	#footer {\r\n		width:320px;\r\n		height:30px;\r\n		padding:0;\r\n		}\r\n\r\n	#text {\r\n		width:244px;\r\n		height:130px;\r\n		padding:0;\r\n		overflow: hidden;\r\n		margin: 10px 38px 10px 38px\r\n		}\r\n\r\n	#content01 {\r\n		width: 320px;\r\n		height: 180px; \r\n		padding: 0;\r\n		overflow: hidden;\r\n	 	}\r\n		\r\n	#content02 {\r\n		width: 320px;\r\n		height: 138px; \r\n		padding: 0;\r\n		overflow: hidden;\r\n	 	}\r\n		\r\n	#divider {\r\n		width: 320px;\r\n		height: 14px; \r\n		padding: 0;\r\n	 	}\r\n		\r\n/* ]]> */\r\n</style>\r\n\r\n</head>\r\n<body>\r\n	\r\n<div id=\"container\">\r\n\r\n<div id=\"header\">\r\n   	</div>\r\n<div id=\"content01\">\r\n<!--Replace \"ContentImage.jpg\" here with your own image. -->\r\n	<div align=\"center\"><img width=\"320\" height=\"180\" src=\"M01_SidekickThinking.png\">\r\n    </div>\r\n</div>\r\n<div id=\"divider\">\r\n</div>\r\n<div id=\"content02\">\r\n	<div id=\"text\" class=\"style01\">\r\n<!--Replace \"Place Text Here\" with your own text. -->\r\n  		<p><b>Sidekick:</b></p>\r\n        <p>How can we get up to the top?</p>\r\n     \r\n  	</div>\r\n    </div>\r\n\r\n  	<div id=\"footer\">\r\n       	</div>\r\n    \r\n</div>\r\n\r\n</body>\r\n</html>','2011-04-06 14:47:53','2011-06-06 16:51:36',2,'content',NULL,NULL,NULL,NULL),(28,68,'<!--\r\n***INSTRUCTIONS***\r\nTo Change Background: \r\n	Find this line: \"background-image:url(ContentBackground001.jpg);\"\r\n	Replace \"contentbackground001.jpg\" with your file name. Do not include a path. \r\nAdd Image Content:\r\n	In the body section find this line: <div align=\"center\"><img width=\"242\" height=\"144\" src=\"ContentImage.jpg\">\r\n	Replace \"ContentImage.jpg\" with your own image file. Do not include a path. \r\nAdd Text Content:\r\n	In the body section find instances of \"Place Text Here\". Replace with your own text. \r\n -->\r\n\r\n<html xmlns=\"http://www.w3.org/1999/xhtml\" xml:lang=\"en\" lang=\"en\">\r\n<head>\r\n<meta http-equiv=\"content-type\" content=\"text/html; charset=utf-8\" />\r\n\r\n<style type=\"text/css\">\r\n/* <![CDATA[ */\r\n\r\n	.style01 {\r\n		color: #FFFFFF;\r\n		font-family: Arial, Helvetica, sans-serif;\r\n		font-size: 16px;\r\n		}\r\n	\r\n	body {\r\n		margin:0; padding:0;\r\n		font-size:16;\r\n		font-family: sans-serif;\r\n		}\r\n\r\n	#container {\r\n/* Replace \"ContentBackground001.jpg\" with your own background image. */\r\n		background-image:url(ContentBackground001.png);\r\n	    width:320px;\r\n		height:350px;\r\n		padding:0;\r\n		border:0;\r\n		overflow:hidden;\r\n		}\r\n			\r\n  	#header {\r\n	    width:320px;\r\n		height:1px;\r\n		padding:0;\r\n		border:0;\r\n		overflow:hidden;\r\n		}\r\n\r\n  	#footer {\r\n		width:320px;\r\n		height:30px;\r\n		padding:0;\r\n		}\r\n\r\n	#text {\r\n		width:244px;\r\n		height:130px;\r\n		padding:0;\r\n		overflow: hidden;\r\n		margin: 10px 38px 10px 38px\r\n		}\r\n\r\n	#content01 {\r\n		width: 320px;\r\n		height: 180px; \r\n		padding: 0;\r\n		overflow: hidden;\r\n	 	}\r\n		\r\n	#content02 {\r\n		width: 320px;\r\n		height: 138px; \r\n		padding: 0;\r\n		overflow: hidden;\r\n	 	}\r\n		\r\n	#divider {\r\n		width: 320px;\r\n		height: 14px; \r\n		padding: 0;\r\n	 	}\r\n		\r\n/* ]]> */\r\n</style>\r\n\r\n</head>\r\n<body>\r\n	\r\n<div id=\"container\">\r\n\r\n<div id=\"header\">\r\n   	</div>\r\n<div id=\"content01\">\r\n<!--Replace \"ContentImage.jpg\" here with your own image. -->\r\n	<div align=\"center\"><img width=\"320\" height=\"180\" src=\"M01_Pin07_001.png\">\r\n    </div>\r\n</div>\r\n<div id=\"divider\">\r\n</div>\r\n<div id=\"content02\">\r\n	<div id=\"text\" class=\"style01\">\r\n<!--Replace \"Place Text Here\" with your own text. -->\r\n  		<p><b>Sidekick:</b></p>\r\n        <p>Oh no! You dropped your backpack <i><b>twelve</b></i> meters up the mountain.</p>\r\n     \r\n  	</div>\r\n    </div>\r\n\r\n  	<div id=\"footer\">\r\n       	</div>\r\n    \r\n</div>\r\n\r\n</body>\r\n</html>','2011-04-06 14:50:55','2011-06-06 17:04:33',1,'content',NULL,NULL,NULL,NULL),(29,68,'You jumped up 30 meters. You dropped your backpack at 12 meters up. How many meters will you need to jump back down to get your backpack?','2011-04-06 14:50:55','2011-05-13 17:09:43',2,'question',NULL,NULL,NULL,NULL),(31,69,'<!--\r\n***INSTRUCTIONS***\r\nTo Change Background: \r\n	Find this line: \"background-image:url(ContentBackground001.jpg);\"\r\n	Replace \"contentbackground001.jpg\" with your file name. Do not include a path. \r\nAdd Image Content:\r\n	In the body section find this line: <div align=\"center\"><img width=\"242\" height=\"144\" src=\"ContentImage.jpg\">\r\n	Replace \"ContentImage.jpg\" with your own image file. Do not include a path. \r\nAdd Text Content:\r\n	In the body section find instances of \"Place Text Here\". Replace with your own text. \r\n -->\r\n\r\n<html xmlns=\"http://www.w3.org/1999/xhtml\" xml:lang=\"en\" lang=\"en\">\r\n<head>\r\n<meta http-equiv=\"content-type\" content=\"text/html; charset=utf-8\" />\r\n\r\n<style type=\"text/css\">\r\n/* <![CDATA[ */\r\n\r\n	.style01 {\r\n		color: #FFFFFF;\r\n		font-family: Arial, Helvetica, sans-serif;\r\n		font-size: 16px;\r\n		}\r\n	\r\n	body {\r\n		margin:0; padding:0;\r\n		font-size:16;\r\n		font-family: sans-serif;\r\n		}\r\n\r\n	#container {\r\n/* Replace \"ContentBackground001.jpg\" with your own background image. */\r\n		background-image:url(ContentBackground001.png);\r\n	    width:320px;\r\n		height:350px;\r\n		padding:0;\r\n		border:0;\r\n		overflow:hidden;\r\n		}\r\n			\r\n  	#header {\r\n	    width:320px;\r\n		height:1px;\r\n		padding:0;\r\n		border:0;\r\n		overflow:hidden;\r\n		}\r\n\r\n  	#footer {\r\n		width:320px;\r\n		height:30px;\r\n		padding:0;\r\n		}\r\n\r\n	#text {\r\n		width:244px;\r\n		height:130px;\r\n		padding:0;\r\n		overflow: hidden;\r\n		margin: 10px 38px 10px 38px\r\n		}\r\n\r\n	#content01 {\r\n		width: 320px;\r\n		height: 180px; \r\n		padding: 0;\r\n		overflow: hidden;\r\n	 	}\r\n		\r\n	#content02 {\r\n		width: 320px;\r\n		height: 138px; \r\n		padding: 0;\r\n		overflow: hidden;\r\n	 	}\r\n		\r\n	#divider {\r\n		width: 320px;\r\n		height: 14px; \r\n		padding: 0;\r\n	 	}\r\n		\r\n/* ]]> */\r\n</style>\r\n\r\n</head>\r\n<body>\r\n	\r\n<div id=\"container\">\r\n\r\n<div id=\"header\">\r\n   	</div>\r\n<div id=\"content01\">\r\n<!--Replace \"ContentImage.jpg\" here with your own image. -->\r\n	<div align=\"center\"><img width=\"320\" height=\"180\" src=\"M01_Pin08_001.png\">\r\n    </div>\r\n</div>\r\n<div id=\"divider\">\r\n</div>\r\n<div id=\"content02\">\r\n	<div id=\"text\" class=\"style01\">\r\n<!--Replace \"Place Text Here\" with your own text. -->\r\n  		<p><b>Sidekick:</b></p>\r\n        <p>We made it to the fortress! We should look around for a way in! </p>\r\n     \r\n  	</div>\r\n    </div>\r\n\r\n  	<div id=\"footer\">\r\n       	</div>\r\n    \r\n</div>\r\n\r\n</body>\r\n</html>','2011-04-06 14:55:05','2011-06-03 20:40:14',2,'content',NULL,NULL,NULL,NULL),(32,69,'<!--\r\n***INSTRUCTIONS***\r\nTo Change Background: \r\n	Find this line: \"background-image:url(ContentBackground001.jpg);\"\r\n	Replace \"contentbackground001.jpg\" with your file name. Do not include a path. \r\nAdd Image Content:\r\n	In the body section find this line: <div align=\"center\"><img width=\"242\" height=\"144\" src=\"ContentImage.jpg\">\r\n	Replace \"ContentImage.jpg\" with your own image file. Do not include a path. \r\nAdd Text Content:\r\n	In the body section find instances of \"Place Text Here\". Replace with your own text. \r\n -->\r\n\r\n<html xmlns=\"http://www.w3.org/1999/xhtml\" xml:lang=\"en\" lang=\"en\">\r\n<head>\r\n<meta http-equiv=\"content-type\" content=\"text/html; charset=utf-8\" />\r\n\r\n<style type=\"text/css\">\r\n/* <![CDATA[ */\r\n\r\n	.style01 {\r\n		color: #FFFFFF;\r\n		font-family: Arial, Helvetica, sans-serif;\r\n		font-size: 16px;\r\n		}\r\n	\r\n	body {\r\n		margin:0; padding:0;\r\n		font-size:16;\r\n		font-family: sans-serif;\r\n		}\r\n\r\n	#container {\r\n/* Replace \"ContentBackground001.jpg\" with your own background image. */\r\n		background-image:url(ContentBackground001.png);\r\n	    width:320px;\r\n		height:350px;\r\n		padding:0;\r\n		border:0;\r\n		overflow:hidden;\r\n		}\r\n			\r\n  	#header {\r\n	    width:320px;\r\n		height:1px;\r\n		padding:0;\r\n		border:0;\r\n		overflow:hidden;\r\n		}\r\n\r\n  	#footer {\r\n		width:320px;\r\n		height:30px;\r\n		padding:0;\r\n		}\r\n\r\n	#text {\r\n		width:244px;\r\n		height:130px;\r\n		padding:0;\r\n		overflow: hidden;\r\n		margin: 10px 38px 10px 38px\r\n		}\r\n\r\n	#content01 {\r\n		width: 320px;\r\n		height: 180px; \r\n		padding: 0;\r\n		overflow: hidden;\r\n	 	}\r\n		\r\n	#content02 {\r\n		width: 320px;\r\n		height: 138px; \r\n		padding: 0;\r\n		overflow: hidden;\r\n	 	}\r\n		\r\n	#divider {\r\n		width: 320px;\r\n		height: 14px; \r\n		padding: 0;\r\n	 	}\r\n		\r\n/* ]]> */\r\n</style>\r\n\r\n</head>\r\n<body>\r\n	\r\n<div id=\"container\">\r\n\r\n<div id=\"header\">\r\n   	</div>\r\n<div id=\"content01\">\r\n<!--Replace \"ContentImage.jpg\" here with your own image. -->\r\n	<div align=\"center\"><img width=\"320\" height=\"180\" src=\"M01_Pin08_iSpy.png\">\r\n    </div>\r\n</div>\r\n<div id=\"divider\">\r\n</div>\r\n<div id=\"content02\">\r\n	<div id=\"text\" class=\"style01\">\r\n<!--Replace \"Place Text Here\" with your own text. -->\r\n  		<p><b>Sidekick:</b></p>\r\n        <p>Find all of the keys in the picture.</p>\r\n     \r\n  	</div>\r\n    </div>\r\n\r\n  	<div id=\"footer\">\r\n       	</div>\r\n    \r\n</div>\r\n\r\n</body>\r\n</html>','2011-04-06 14:55:05','2011-06-03 20:40:14',4,'content',NULL,NULL,NULL,NULL),(33,69,'<!--\r\n***INSTRUCTIONS***\r\nTo Change Background: \r\n	Find this line: \"background-image:url(ContentBackground001.jpg);\"\r\n	Replace \"contentbackground001.jpg\" with your file name. Do not include a path. \r\nAdd Image Content:\r\n	In the body section find this line: <div align=\"center\"><img width=\"242\" height=\"144\" src=\"ContentImage.jpg\">\r\n	Replace \"ContentImage.jpg\" with your own image file. Do not include a path. \r\nAdd Text Content:\r\n	In the body section find instances of \"Place Text Here\". Replace with your own text. \r\n -->\r\n\r\n<html xmlns=\"http://www.w3.org/1999/xhtml\" xml:lang=\"en\" lang=\"en\">\r\n<head>\r\n<meta http-equiv=\"content-type\" content=\"text/html; charset=utf-8\" />\r\n\r\n<style type=\"text/css\">\r\n/* <![CDATA[ */\r\n\r\n	.style01 {\r\n		color: #FFFFFF;\r\n		font-family: Arial, Helvetica, sans-serif;\r\n		font-size: 16px;\r\n		}\r\n	\r\n	body {\r\n		margin:0; padding:0;\r\n		font-size:16;\r\n		font-family: sans-serif;\r\n		}\r\n\r\n	#container {\r\n/* Replace \"ContentBackground001.jpg\" with your own background image. */\r\n		background-image:url(ContentBackground001.png);\r\n	    width:320px;\r\n		height:350px;\r\n		padding:0;\r\n		border:0;\r\n		overflow:hidden;\r\n		}\r\n			\r\n  	#header {\r\n	    width:320px;\r\n		height:1px;\r\n		padding:0;\r\n		border:0;\r\n		overflow:hidden;\r\n		}\r\n\r\n  	#footer {\r\n		width:320px;\r\n		height:30px;\r\n		padding:0;\r\n		}\r\n\r\n	#text {\r\n		width:244px;\r\n		height:130px;\r\n		padding:0;\r\n		overflow: hidden;\r\n		margin: 10px 38px 10px 38px\r\n		}\r\n\r\n	#content01 {\r\n		width: 320px;\r\n		height: 180px; \r\n		padding: 0;\r\n		overflow: hidden;\r\n	 	}\r\n		\r\n	#content02 {\r\n		width: 320px;\r\n		height: 138px; \r\n		padding: 0;\r\n		overflow: hidden;\r\n	 	}\r\n		\r\n	#divider {\r\n		width: 320px;\r\n		height: 14px; \r\n		padding: 0;\r\n	 	}\r\n		\r\n/* ]]> */\r\n</style>\r\n\r\n</head>\r\n<body>\r\n	\r\n<div id=\"container\">\r\n\r\n<div id=\"header\">\r\n   	</div>\r\n<div id=\"content01\">\r\n<!--Replace \"ContentImage.jpg\" here with your own image. -->\r\n	<div align=\"center\"><img width=\"320\" height=\"180\" src=\"M01_Pin08_002.png\">\r\n    </div>\r\n</div>\r\n<div id=\"divider\">\r\n</div>\r\n<div id=\"content02\">\r\n	<div id=\"text\" class=\"style01\">\r\n<!--Replace \"Place Text Here\" with your own text. -->\r\n  		<p><b>Sidekick:</b></p>\r\n        <p>We need to find a way to get in the gate.</p>\r\n     \r\n  	</div>\r\n    </div>\r\n\r\n  	<div id=\"footer\">\r\n       	</div>\r\n    \r\n</div>\r\n\r\n</body>\r\n</html>','2011-04-06 14:55:05','2011-06-03 20:40:14',3,'content',NULL,NULL,NULL,NULL),(34,69,'You found three key rings. \r\nThey have 10, 12 and 3 keys on them. \r\nHow many keys did you find total?','2011-04-06 14:55:05','2011-06-03 20:40:14',5,'question',NULL,NULL,NULL,NULL),(35,70,'<!--\r\n***INSTRUCTIONS***\r\nTo Change Background: \r\n	Find this line: \"background-image:url(ContentBackground001.jpg);\"\r\n	Replace \"contentbackground001.jpg\" with your file name. Do not include a path. \r\nAdd Image Content:\r\n	In the body section find this line: <div align=\"center\"><img width=\"242\" height=\"144\" src=\"ContentImage.jpg\">\r\n	Replace \"ContentImage.jpg\" with your own image file. Do not include a path. \r\nAdd Text Content:\r\n	In the body section find instances of \"Place Text Here\". Replace with your own text. \r\n -->\r\n\r\n<html xmlns=\"http://www.w3.org/1999/xhtml\" xml:lang=\"en\" lang=\"en\">\r\n<head>\r\n<meta http-equiv=\"content-type\" content=\"text/html; charset=utf-8\" />\r\n\r\n<style type=\"text/css\">\r\n/* <![CDATA[ */\r\n\r\n	.style01 {\r\n		color: #FFFFFF;\r\n		font-family: Arial, Helvetica, sans-serif;\r\n		font-size: 16px;\r\n		}\r\n	\r\n	body {\r\n		margin:0; padding:0;\r\n		font-size:16;\r\n		font-family: sans-serif;\r\n		}\r\n\r\n	#container {\r\n/* Replace \"ContentBackground001.jpg\" with your own background image. */\r\n		background-image:url(ContentBackground001.png);\r\n	    width:320px;\r\n		height:350px;\r\n		padding:0;\r\n		border:0;\r\n		overflow:hidden;\r\n		}\r\n			\r\n  	#header {\r\n	    width:320px;\r\n		height:1px;\r\n		padding:0;\r\n		border:0;\r\n		overflow:hidden;\r\n		}\r\n\r\n  	#footer {\r\n		width:320px;\r\n		height:30px;\r\n		padding:0;\r\n		}\r\n\r\n	#text {\r\n		width:244px;\r\n		height:130px;\r\n		padding:0;\r\n		overflow: hidden;\r\n		margin: 10px 38px 10px 38px\r\n		}\r\n\r\n	#content01 {\r\n		width: 320px;\r\n		height: 180px; \r\n		padding: 0;\r\n		overflow: hidden;\r\n	 	}\r\n		\r\n	#content02 {\r\n		width: 320px;\r\n		height: 138px; \r\n		padding: 0;\r\n		overflow: hidden;\r\n	 	}\r\n		\r\n	#divider {\r\n		width: 320px;\r\n		height: 14px; \r\n		padding: 0;\r\n	 	}\r\n		\r\n/* ]]> */\r\n</style>\r\n\r\n</head>\r\n<body>\r\n	\r\n<div id=\"container\">\r\n\r\n<div id=\"header\">\r\n   	</div>\r\n<div id=\"content01\">\r\n<!--Replace \"ContentImage.jpg\" here with your own image. -->\r\n	<div align=\"center\"><img width=\"320\" height=\"180\" src=\"M01_Pin09_001.png\">\r\n    </div>\r\n</div>\r\n<div id=\"divider\">\r\n</div>\r\n<div id=\"content02\">\r\n	<div id=\"text\" class=\"style01\">\r\n<!--Replace \"Place Text Here\" with your own text. -->\r\n  		<p><b>Sidekick:</b></p>\r\n        <p>Look at this maze! I bet the <font color=\"yellow\"><i>Logic Machine</i></font> is on the other side!</p>\r\n     \r\n  	</div>\r\n    </div>\r\n\r\n  	<div id=\"footer\">\r\n       	</div>\r\n    \r\n</div>\r\n\r\n</body>\r\n</html>','2011-04-06 14:56:57','2011-06-06 17:38:39',1,'content',NULL,NULL,NULL,NULL),(36,70,'<!--\r\n***INSTRUCTIONS***\r\nTo Change Background: \r\n	Find this line: \"background-image:url(ContentBackground001.jpg);\"\r\n	Replace \"contentbackground001.jpg\" with your file name. Do not include a path. \r\nAdd Image Content:\r\n	In the body section find this line: <div align=\"center\"><img width=\"242\" height=\"144\" src=\"ContentImage.jpg\">\r\n	Replace \"ContentImage.jpg\" with your own image file. Do not include a path. \r\nAdd Text Content:\r\n	In the body section find instances of \"Place Text Here\". Replace with your own text. \r\n -->\r\n\r\n<html xmlns=\"http://www.w3.org/1999/xhtml\" xml:lang=\"en\" lang=\"en\">\r\n<head>\r\n<meta http-equiv=\"content-type\" content=\"text/html; charset=utf-8\" />\r\n\r\n<style type=\"text/css\">\r\n/* <![CDATA[ */\r\n\r\n	.style01 {\r\n		color: #FFFFFF;\r\n		font-family: Arial, Helvetica, sans-serif;\r\n		font-size: 16px;\r\n		}\r\n	\r\n	body {\r\n		margin:0; padding:0;\r\n		font-size:16;\r\n		font-family: sans-serif;\r\n		}\r\n\r\n	#container {\r\n/* Replace \"ContentBackground001.jpg\" with your own background image. */\r\n		background-image:url(ContentBackground001.png);\r\n	    width:320px;\r\n		height:350px;\r\n		padding:0;\r\n		border:0;\r\n		overflow:hidden;\r\n		}\r\n			\r\n  	#header {\r\n	    width:320px;\r\n		height:1px;\r\n		padding:0;\r\n		border:0;\r\n		overflow:hidden;\r\n		}\r\n\r\n  	#footer {\r\n		width:320px;\r\n		height:30px;\r\n		padding:0;\r\n		}\r\n\r\n	#text {\r\n		width:244px;\r\n		height:130px;\r\n		padding:0;\r\n		overflow: hidden;\r\n		margin: 10px 38px 10px 38px\r\n		}\r\n\r\n	#content01 {\r\n		width: 320px;\r\n		height: 180px; \r\n		padding: 0;\r\n		overflow: hidden;\r\n	 	}\r\n		\r\n	#content02 {\r\n		width: 320px;\r\n		height: 138px; \r\n		padding: 0;\r\n		overflow: hidden;\r\n	 	}\r\n		\r\n	#divider {\r\n		width: 320px;\r\n		height: 14px; \r\n		padding: 0;\r\n	 	}\r\n		\r\n/* ]]> */\r\n</style>\r\n\r\n</head>\r\n<body>\r\n	\r\n<div id=\"container\">\r\n\r\n<div id=\"header\">\r\n   	</div>\r\n<div id=\"content01\">\r\n<!--Replace \"ContentImage.jpg\" here with your own image. -->\r\n	<div align=\"center\"><img width=\"320\" height=\"180\" src=\"M01_SidekickPebbles.png\">\r\n    </div>\r\n</div>\r\n<div id=\"divider\">\r\n</div>\r\n<div id=\"content02\">\r\n	<div id=\"text\" class=\"style01\">\r\n<!--Replace \"Place Text Here\" with your own text. -->\r\n  		<p><b>Sidekick:</b></p>\r\n        <p>I found a pile of <i><b>thirty-six</b> pebbles</i> at the entrance to the maze! They might be useful later!</p>\r\n     \r\n  	</div>\r\n    </div>\r\n\r\n  	<div id=\"footer\">\r\n       	</div>\r\n    \r\n</div>\r\n\r\n</body>\r\n</html>','2011-04-06 14:56:57','2011-06-06 17:38:39',2,'content',NULL,NULL,NULL,NULL),(37,71,'<!--\r\n***INSTRUCTIONS***\r\nTo Change Background: \r\n	Find this line: \"background-image:url(ContentBackground001.jpg);\"\r\n	Replace \"contentbackground001.jpg\" with your file name. Do not include a path. \r\nAdd Image Content:\r\n	In the body section find this line: <div align=\"center\"><img width=\"242\" height=\"144\" src=\"ContentImage.jpg\">\r\n	Replace \"ContentImage.jpg\" with your own image file. Do not include a path. \r\nAdd Text Content:\r\n	In the body section find instances of \"Place Text Here\". Replace with your own text. \r\n -->\r\n\r\n<html xmlns=\"http://www.w3.org/1999/xhtml\" xml:lang=\"en\" lang=\"en\">\r\n<head>\r\n<meta http-equiv=\"content-type\" content=\"text/html; charset=utf-8\" />\r\n\r\n<style type=\"text/css\">\r\n/* <![CDATA[ */\r\n\r\n	.style01 {\r\n		color: #FFFFFF;\r\n		font-family: Arial, Helvetica, sans-serif;\r\n		font-size: 16px;\r\n		}\r\n	\r\n	body {\r\n		margin:0; padding:0;\r\n		font-size:16;\r\n		font-family: sans-serif;\r\n		}\r\n\r\n	#container {\r\n/* Replace \"ContentBackground001.jpg\" with your own background image. */\r\n		background-image:url(ContentBackground001.png);\r\n	    width:320px;\r\n		height:350px;\r\n		padding:0;\r\n		border:0;\r\n		overflow:hidden;\r\n		}\r\n			\r\n  	#header {\r\n	    width:320px;\r\n		height:1px;\r\n		padding:0;\r\n		border:0;\r\n		overflow:hidden;\r\n		}\r\n\r\n  	#footer {\r\n		width:320px;\r\n		height:30px;\r\n		padding:0;\r\n		}\r\n\r\n	#text {\r\n		width:244px;\r\n		height:130px;\r\n		padding:0;\r\n		overflow: hidden;\r\n		margin: 10px 38px 10px 38px\r\n		}\r\n\r\n	#content01 {\r\n		width: 320px;\r\n		height: 180px; \r\n		padding: 0;\r\n		overflow: hidden;\r\n	 	}\r\n		\r\n	#content02 {\r\n		width: 320px;\r\n		height: 138px; \r\n		padding: 0;\r\n		overflow: hidden;\r\n	 	}\r\n		\r\n	#divider {\r\n		width: 320px;\r\n		height: 14px; \r\n		padding: 0;\r\n	 	}\r\n		\r\n/* ]]> */\r\n</style>\r\n\r\n</head>\r\n<body>\r\n	\r\n<div id=\"container\">\r\n\r\n<div id=\"header\">\r\n   	</div>\r\n<div id=\"content01\">\r\n<!--Replace \"ContentImage.jpg\" here with your own image. -->\r\n	<div align=\"center\"><img width=\"320\" height=\"180\" src=\"M01_Pin10_001.png\">\r\n    </div>\r\n</div>\r\n<div id=\"divider\">\r\n</div>\r\n<div id=\"content02\">\r\n	<div id=\"text\" class=\"style01\">\r\n<!--Replace \"Place Text Here\" with your own text. -->\r\n  		<p><b>Sidekick:</b></p>\r\n        <p>We made it through the maze!!!</p>\r\n     \r\n  	</div>\r\n    </div>\r\n\r\n  	<div id=\"footer\">\r\n       	</div>\r\n    \r\n</div>\r\n\r\n</body>\r\n</html>','2011-04-06 15:03:11','2011-06-06 17:48:19',1,'content',NULL,NULL,NULL,NULL),(38,71,'We have twenty pebbles left and we need 16 to set the trap. Do we have enough? How many do we have extra, or how many more do we need?','2011-04-06 15:03:11','2011-06-07 23:37:01',3,'question',NULL,NULL,NULL,NULL),(40,71,'<!--\r\n***INSTRUCTIONS***\r\nTo Change Background: \r\n	Find this line: \"background-image:url(ContentBackground001.jpg);\"\r\n	Replace \"contentbackground001.jpg\" with your file name. Do not include a path. \r\nAdd Image Content:\r\n	In the body section find this line: <div align=\"center\"><img width=\"242\" height=\"144\" src=\"ContentImage.jpg\">\r\n	Replace \"ContentImage.jpg\" with your own image file. Do not include a path. \r\nAdd Text Content:\r\n	In the body section find instances of \"Place Text Here\". Replace with your own text. \r\n -->\r\n\r\n<html xmlns=\"http://www.w3.org/1999/xhtml\" xml:lang=\"en\" lang=\"en\">\r\n<head>\r\n<meta http-equiv=\"content-type\" content=\"text/html; charset=utf-8\" />\r\n\r\n<style type=\"text/css\">\r\n/* <![CDATA[ */\r\n\r\n	.style01 {\r\n		color: #FFFFFF;\r\n		font-family: Arial, Helvetica, sans-serif;\r\n		font-size: 16px;\r\n		}\r\n	\r\n	body {\r\n		margin:0; padding:0;\r\n		font-size:16;\r\n		font-family: sans-serif;\r\n		}\r\n\r\n	#container {\r\n/* Replace \"ContentBackground001.jpg\" with your own background image. */\r\n		background-image:url(ContentBackground001.png);\r\n	    width:320px;\r\n		height:350px;\r\n		padding:0;\r\n		border:0;\r\n		overflow:hidden;\r\n		}\r\n			\r\n  	#header {\r\n	    width:320px;\r\n		height:1px;\r\n		padding:0;\r\n		border:0;\r\n		overflow:hidden;\r\n		}\r\n\r\n  	#footer {\r\n		width:320px;\r\n		height:30px;\r\n		padding:0;\r\n		}\r\n\r\n	#text {\r\n		width:244px;\r\n		height:130px;\r\n		padding:0;\r\n		overflow: hidden;\r\n		margin: 10px 38px 10px 38px\r\n		}\r\n\r\n	#content01 {\r\n		width: 320px;\r\n		height: 180px; \r\n		padding: 0;\r\n		overflow: hidden;\r\n	 	}\r\n		\r\n	#content02 {\r\n		width: 320px;\r\n		height: 138px; \r\n		padding: 0;\r\n		overflow: hidden;\r\n	 	}\r\n		\r\n	#divider {\r\n		width: 320px;\r\n		height: 14px; \r\n		padding: 0;\r\n	 	}\r\n		\r\n/* ]]> */\r\n</style>\r\n\r\n</head>\r\n<body>\r\n	\r\n<div id=\"container\">\r\n\r\n<div id=\"header\">\r\n   	</div>\r\n<div id=\"content01\">\r\n<!--Replace \"ContentImage.jpg\" here with your own image. -->\r\n	<div align=\"center\"><img width=\"320\" height=\"180\" src=\"M01_Pin10_002.png\">\r\n    </div>\r\n</div>\r\n<div id=\"divider\">\r\n</div>\r\n<div id=\"content02\">\r\n	<div id=\"text\" class=\"style01\">\r\n<!--Replace \"Place Text Here\" with your own text. -->\r\n  		<p><b>Sidekick:</b></p>\r\n        <p>Oops! We lost <i><b>sixteen</b></i> pebbles in the maze. </p>\r\n     \r\n  	</div>\r\n    </div>\r\n\r\n  	<div id=\"footer\">\r\n       	</div>\r\n    \r\n</div>\r\n\r\n</body>\r\n</html>','2011-04-06 15:03:11','2011-06-06 17:48:19',2,'content',NULL,NULL,NULL,NULL),(41,71,'<!--\r\n***INSTRUCTIONS***\r\nTo Change Background: \r\n	Find this line: \"background-image:url(ContentBackground001.jpg);\"\r\n	Replace \"contentbackground001.jpg\" with your file name. Do not include a path. \r\nAdd Image Content:\r\n	In the body section find this line: <div align=\"center\"><img width=\"242\" height=\"144\" src=\"ContentImage.jpg\">\r\n	Replace \"ContentImage.jpg\" with your own image file. Do not include a path. \r\nAdd Text Content:\r\n	In the body section find instances of \"Place Text Here\". Replace with your own text. \r\n -->\r\n\r\n<html xmlns=\"http://www.w3.org/1999/xhtml\" xml:lang=\"en\" lang=\"en\">\r\n<head>\r\n<meta http-equiv=\"content-type\" content=\"text/html; charset=utf-8\" />\r\n\r\n<style type=\"text/css\">\r\n/* <![CDATA[ */\r\n\r\n	.style01 {\r\n		color: #FFFFFF;\r\n		font-family: Arial, Helvetica, sans-serif;\r\n		font-size: 16px;\r\n		}\r\n	\r\n	body {\r\n		margin:0; padding:0;\r\n		font-size:16;\r\n		font-family: sans-serif;\r\n		}\r\n\r\n	#container {\r\n/* Replace \"ContentBackground001.jpg\" with your own background image. */\r\n		background-image:url(ContentBackground001.png);\r\n	    width:320px;\r\n		height:350px;\r\n		padding:0;\r\n		border:0;\r\n		overflow:hidden;\r\n		}\r\n			\r\n  	#header {\r\n	    width:320px;\r\n		height:1px;\r\n		padding:0;\r\n		border:0;\r\n		overflow:hidden;\r\n		}\r\n\r\n  	#footer {\r\n		width:320px;\r\n		height:30px;\r\n		padding:0;\r\n		}\r\n\r\n	#text {\r\n		width:244px;\r\n		height:130px;\r\n		padding:0;\r\n		overflow: hidden;\r\n		margin: 10px 38px 10px 38px\r\n		}\r\n\r\n	#content01 {\r\n		width: 320px;\r\n		height: 180px; \r\n		padding: 0;\r\n		overflow: hidden;\r\n	 	}\r\n		\r\n	#content02 {\r\n		width: 320px;\r\n		height: 138px; \r\n		padding: 0;\r\n		overflow: hidden;\r\n	 	}\r\n		\r\n	#divider {\r\n		width: 320px;\r\n		height: 14px; \r\n		padding: 0;\r\n	 	}\r\n		\r\n/* ]]> */\r\n</style>\r\n\r\n</head>\r\n<body>\r\n	\r\n<div id=\"container\">\r\n\r\n<div id=\"header\">\r\n   	</div>\r\n<div id=\"content01\">\r\n<!--Replace \"ContentImage.jpg\" here with your own image. -->\r\n	<div align=\"center\"><img width=\"320\" height=\"180\" src=\"M01_Review001.png\">\r\n    </div>\r\n</div>\r\n<div id=\"divider\">\r\n</div>\r\n<div id=\"content02\">\r\n	<div id=\"text\" class=\"style01\">\r\n<!--Replace \"Place Text Here\" with your own text. -->\r\n  		<p><b>Sidekick:</b></p>\r\n        <p>Great Job! Now that we are through the maze let\'s find the <font color=\"yellow\"><i>Logic Machine</i></font> and get out of here!</p>\r\n     \r\n  	</div>\r\n    </div>\r\n\r\n  	<div id=\"footer\">\r\n       	</div>\r\n    \r\n</div>\r\n\r\n</body>\r\n</html>','2011-04-06 15:03:11','2011-06-06 17:48:19',4,'content',NULL,NULL,NULL,NULL),(42,71,'<!--\r\n***INSTRUCTIONS***\r\nTo Change Background: \r\n	Find this line: \"background-image:url(ContentBackground001.jpg);\"\r\n	Replace \"contentbackground001.jpg\" with your file name. Do not include a path. \r\nAdd Image Content:\r\n	In the body section find this line: <div align=\"center\"><img width=\"242\" height=\"144\" src=\"ContentImage.jpg\">\r\n	Replace \"ContentImage.jpg\" with your own image file. Do not include a path. \r\nAdd Text Content:\r\n	In the body section find instances of \"Place Text Here\". Replace with your own text. \r\n -->\r\n\r\n<html xmlns=\"http://www.w3.org/1999/xhtml\" xml:lang=\"en\" lang=\"en\">\r\n<head>\r\n<meta http-equiv=\"content-type\" content=\"text/html; charset=utf-8\" />\r\n\r\n<style type=\"text/css\">\r\n/* <![CDATA[ */\r\n\r\n	.style01 {\r\n		color: #FFFFFF;\r\n		font-family: Arial, Helvetica, sans-serif;\r\n		font-size: 16px;\r\n		}\r\n	\r\n	body {\r\n		margin:0; padding:0;\r\n		font-size:16;\r\n		font-family: sans-serif;\r\n		}\r\n\r\n	#container {\r\n/* Replace \"ContentBackground001.jpg\" with your own background image. */\r\n		background-image:url(ContentBackground001.png);\r\n	    width:320px;\r\n		height:350px;\r\n		padding:0;\r\n		border:0;\r\n		overflow:hidden;\r\n		}\r\n			\r\n  	#header {\r\n	    width:320px;\r\n		height:1px;\r\n		padding:0;\r\n		border:0;\r\n		overflow:hidden;\r\n		}\r\n\r\n  	#footer {\r\n		width:320px;\r\n		height:30px;\r\n		padding:0;\r\n		}\r\n\r\n	#text {\r\n		width:244px;\r\n		height:130px;\r\n		padding:0;\r\n		overflow: hidden;\r\n		margin: 10px 38px 10px 38px\r\n		}\r\n\r\n	#content01 {\r\n		width: 320px;\r\n		height: 180px; \r\n		padding: 0;\r\n		overflow: hidden;\r\n	 	}\r\n		\r\n	#content02 {\r\n		width: 320px;\r\n		height: 138px; \r\n		padding: 0;\r\n		overflow: hidden;\r\n	 	}\r\n		\r\n	#divider {\r\n		width: 320px;\r\n		height: 14px; \r\n		padding: 0;\r\n	 	}\r\n		\r\n/* ]]> */\r\n</style>\r\n\r\n</head>\r\n<body>\r\n	\r\n<div id=\"container\">\r\n\r\n<div id=\"header\">\r\n   	</div>\r\n<div id=\"content01\">\r\n<!--Replace \"ContentImage.jpg\" here with your own image. -->\r\n	<div align=\"center\"><img width=\"320\" height=\"180\" src=\"M01_SidekickThinking.png\">\r\n    </div>\r\n</div>\r\n<div id=\"divider\">\r\n</div>\r\n<div id=\"content02\">\r\n	<div id=\"text\" class=\"style01\">\r\n<!--Replace \"Place Text Here\" with your own text. -->\r\n  		<p><b>Sidekick:</b></p>\r\n        <p>Let\'s re-trace our steps so we\'ll know how to get back!</p>\r\n     \r\n  	</div>\r\n    </div>\r\n\r\n  	<div id=\"footer\">\r\n       	</div>\r\n    \r\n</div>\r\n\r\n</body>\r\n</html>','2011-04-06 15:03:11','2011-06-06 17:48:19',5,'content',NULL,NULL,NULL,NULL),(43,71,'<!--\r\n***INSTRUCTIONS***\r\nTo Change Background: \r\n	Find this line: \"background-image:url(ContentBackground001.jpg);\"\r\n	Replace \"contentbackground001.jpg\" with your file name. Do not include a path. \r\nAdd Image Content:\r\n	In the body section find this line: <div align=\"center\"><img width=\"242\" height=\"144\" src=\"ContentImage.jpg\">\r\n	Replace \"ContentImage.jpg\" with your own image file. Do not include a path. \r\nAdd Text Content:\r\n	In the body section find instances of \"Place Text Here\". Replace with your own text. \r\n -->\r\n\r\n<html xmlns=\"http://www.w3.org/1999/xhtml\" xml:lang=\"en\" lang=\"en\">\r\n<head>\r\n<meta http-equiv=\"content-type\" content=\"text/html; charset=utf-8\" />\r\n\r\n<style type=\"text/css\">\r\n/* <![CDATA[ */\r\n\r\n	.style01 {\r\n		color: #FFFFFF;\r\n		font-family: Arial, Helvetica, sans-serif;\r\n		font-size: 16px;\r\n		}\r\n	\r\n	body {\r\n		margin:0; padding:0;\r\n		font-size:16;\r\n		font-family: sans-serif;\r\n		}\r\n\r\n	#container {\r\n/* Replace \"ContentBackground001.jpg\" with your own background image. */\r\n		background-image:url(ContentBackground001.png);\r\n	    width:320px;\r\n		height:350px;\r\n		padding:0;\r\n		border:0;\r\n		overflow:hidden;\r\n		}\r\n			\r\n  	#header {\r\n	    width:320px;\r\n		height:1px;\r\n		padding:0;\r\n		border:0;\r\n		overflow:hidden;\r\n		}\r\n\r\n  	#footer {\r\n		width:320px;\r\n		height:30px;\r\n		padding:0;\r\n		}\r\n\r\n	#text {\r\n		width:244px;\r\n		height:130px;\r\n		padding:0;\r\n		overflow: hidden;\r\n		margin: 10px 38px 10px 38px\r\n		}\r\n\r\n	#content01 {\r\n		width: 320px;\r\n		height: 180px; \r\n		padding: 0;\r\n		overflow: hidden;\r\n	 	}\r\n		\r\n	#content02 {\r\n		width: 320px;\r\n		height: 138px; \r\n		padding: 0;\r\n		overflow: hidden;\r\n	 	}\r\n		\r\n	#divider {\r\n		width: 320px;\r\n		height: 14px; \r\n		padding: 0;\r\n	 	}\r\n		\r\n/* ]]> */\r\n</style>\r\n\r\n</head>\r\n<body>\r\n	\r\n<div id=\"container\">\r\n\r\n<div id=\"header\">\r\n   	</div>\r\n<div id=\"content01\">\r\n<!--Replace \"ContentImage.jpg\" here with your own image. -->\r\n	<div align=\"center\"><img width=\"320\" height=\"180\" src=\"M01_SidekickPebbles.png\">\r\n    </div>\r\n</div>\r\n<div id=\"divider\">\r\n</div>\r\n<div id=\"content02\">\r\n	<div id=\"text\" class=\"style01\">\r\n<!--Replace \"Place Text Here\" with your own text. -->\r\n  		<p><b>Sidekick:</b><br>We had <i><b>thirty-six</b></i> pebbles but lost <b><i>sixteen</i></b> in the maze. <br> 36-16=20 <br> 20-16=4 </p>\r\n        <p></p>\r\n     \r\n  	</div>\r\n    </div>\r\n\r\n  	<div id=\"footer\">\r\n       	</div>\r\n    \r\n</div>\r\n\r\n</body>\r\n</html>','2011-04-06 15:03:11','2011-06-07 00:29:13',6,'content',NULL,NULL,NULL,NULL),(44,71,'<!--\r\n***INSTRUCTIONS***\r\nTo Change Background: \r\n	Find this line: \"background-image:url(ContentBackground001.jpg);\"\r\n	Replace \"contentbackground001.jpg\" with your file name. Do not include a path. \r\nAdd Image Content:\r\n	In the body section find this line: <div align=\"center\"><img width=\"242\" height=\"144\" src=\"ContentImage.jpg\">\r\n	Replace \"ContentImage.jpg\" with your own image file. Do not include a path. \r\nAdd Text Content:\r\n	In the body section find instances of \"Place Text Here\". Replace with your own text. \r\n -->\r\n\r\n<html xmlns=\"http://www.w3.org/1999/xhtml\" xml:lang=\"en\" lang=\"en\">\r\n<head>\r\n<meta http-equiv=\"content-type\" content=\"text/html; charset=utf-8\" />\r\n\r\n<style type=\"text/css\">\r\n/* <![CDATA[ */\r\n\r\n	.style01 {\r\n		color: #FFFFFF;\r\n		font-family: Arial, Helvetica, sans-serif;\r\n		font-size: 16px;\r\n		}\r\n	\r\n	body {\r\n		margin:0; padding:0;\r\n		font-size:16;\r\n		font-family: sans-serif;\r\n		}\r\n\r\n	#container {\r\n/* Replace \"ContentBackground001.jpg\" with your own background image. */\r\n		background-image:url(ContentBackground001.png);\r\n	    width:320px;\r\n		height:350px;\r\n		padding:0;\r\n		border:0;\r\n		overflow:hidden;\r\n		}\r\n			\r\n  	#header {\r\n	    width:320px;\r\n		height:1px;\r\n		padding:0;\r\n		border:0;\r\n		overflow:hidden;\r\n		}\r\n\r\n  	#footer {\r\n		width:320px;\r\n		height:30px;\r\n		padding:0;\r\n		}\r\n\r\n	#text {\r\n		width:244px;\r\n		height:130px;\r\n		padding:0;\r\n		overflow: hidden;\r\n		margin: 10px 38px 10px 38px\r\n		}\r\n\r\n	#content01 {\r\n		width: 320px;\r\n		height: 180px; \r\n		padding: 0;\r\n		overflow: hidden;\r\n	 	}\r\n		\r\n	#content02 {\r\n		width: 320px;\r\n		height: 138px; \r\n		padding: 0;\r\n		overflow: hidden;\r\n	 	}\r\n		\r\n	#divider {\r\n		width: 320px;\r\n		height: 14px; \r\n		padding: 0;\r\n	 	}\r\n		\r\n/* ]]> */\r\n</style>\r\n\r\n</head>\r\n<body>\r\n	\r\n<div id=\"container\">\r\n\r\n<div id=\"header\">\r\n   	</div>\r\n<div id=\"content01\">\r\n<!--Replace \"ContentImage.jpg\" here with your own image. -->\r\n	<div align=\"center\"><img width=\"320\" height=\"180\" src=\"M01_SidekickKeys.png\">\r\n    </div>\r\n</div>\r\n<div id=\"divider\">\r\n</div>\r\n<div id=\"content02\">\r\n	<div id=\"text\" class=\"style01\">\r\n<!--Replace \"Place Text Here\" with your own text. -->\r\n  		<p><b>Sidekick:</b><br>Before that we found <b><i>twenty-five</i></b> keys to open the gate. <br> 25-13=12 </p>\r\n        <p></p>\r\n     \r\n  	</div>\r\n    </div>\r\n\r\n  	<div id=\"footer\">\r\n       	</div>\r\n    \r\n</div>\r\n\r\n</body>\r\n</html>','2011-04-06 15:03:11','2011-06-07 00:29:13',7,'content',NULL,NULL,NULL,NULL),(46,71,'<!--\r\n***INSTRUCTIONS***\r\nTo Change Background: \r\n	Find this line: \"background-image:url(ContentBackground001.jpg);\"\r\n	Replace \"contentbackground001.jpg\" with your file name. Do not include a path. \r\nAdd Image Content:\r\n	In the body section find this line: <div align=\"center\"><img width=\"242\" height=\"144\" src=\"ContentImage.jpg\">\r\n	Replace \"ContentImage.jpg\" with your own image file. Do not include a path. \r\nAdd Text Content:\r\n	In the body section find instances of \"Place Text Here\". Replace with your own text. \r\n -->\r\n\r\n<html xmlns=\"http://www.w3.org/1999/xhtml\" xml:lang=\"en\" lang=\"en\">\r\n<head>\r\n<meta http-equiv=\"content-type\" content=\"text/html; charset=utf-8\" />\r\n\r\n<style type=\"text/css\">\r\n/* <![CDATA[ */\r\n\r\n	.style01 {\r\n		color: #FFFFFF;\r\n		font-family: Arial, Helvetica, sans-serif;\r\n		font-size: 16px;\r\n		}\r\n	\r\n	body {\r\n		margin:0; padding:0;\r\n		font-size:16;\r\n		font-family: sans-serif;\r\n		}\r\n\r\n	#container {\r\n/* Replace \"ContentBackground001.jpg\" with your own background image. */\r\n		background-image:url(ContentBackground001.png);\r\n	    width:320px;\r\n		height:350px;\r\n		padding:0;\r\n		border:0;\r\n		overflow:hidden;\r\n		}\r\n			\r\n  	#header {\r\n	    width:320px;\r\n		height:1px;\r\n		padding:0;\r\n		border:0;\r\n		overflow:hidden;\r\n		}\r\n\r\n  	#footer {\r\n		width:320px;\r\n		height:30px;\r\n		padding:0;\r\n		}\r\n\r\n	#text {\r\n		width:244px;\r\n		height:130px;\r\n		padding:0;\r\n		overflow: hidden;\r\n		margin: 10px 38px 10px 38px\r\n		}\r\n\r\n	#content01 {\r\n		width: 320px;\r\n		height: 180px; \r\n		padding: 0;\r\n		overflow: hidden;\r\n	 	}\r\n		\r\n	#content02 {\r\n		width: 320px;\r\n		height: 138px; \r\n		padding: 0;\r\n		overflow: hidden;\r\n	 	}\r\n		\r\n	#divider {\r\n		width: 320px;\r\n		height: 14px; \r\n		padding: 0;\r\n	 	}\r\n		\r\n/* ]]> */\r\n</style>\r\n\r\n</head>\r\n<body>\r\n	\r\n<div id=\"container\">\r\n\r\n<div id=\"header\">\r\n   	</div>\r\n<div id=\"content01\">\r\n<!--Replace \"ContentImage.jpg\" here with your own image. -->\r\n	<div align=\"center\"><img width=\"320\" height=\"180\" src=\"M01_SidekickShoes.png\">\r\n    </div>\r\n</div>\r\n<div id=\"divider\">\r\n</div>\r\n<div id=\"content02\">\r\n	<div id=\"text\" class=\"style01\">\r\n<!--Replace \"Place Text Here\" with your own text. -->\r\n  		<p><b>Sidekick:</b><br>We used the springs to jump up the cliff <b><i>thirty</i></b> meters, and back down <b><i>eighteen</i></b> meters for the backpack.<br>30-12=18</p>\r\n        <p></p>\r\n     \r\n  	</div>\r\n    </div>\r\n\r\n  	<div id=\"footer\">\r\n       	</div>\r\n    \r\n</div>\r\n\r\n</body>\r\n</html>','2011-04-06 15:03:11','2011-06-07 00:29:13',9,'content',NULL,NULL,NULL,NULL),(47,71,'<!--\r\n***INSTRUCTIONS***\r\nTo Change Background: \r\n	Find this line: \"background-image:url(ContentBackground001.jpg);\"\r\n	Replace \"contentbackground001.jpg\" with your file name. Do not include a path. \r\nAdd Image Content:\r\n	In the body section find this line: <div align=\"center\"><img width=\"242\" height=\"144\" src=\"ContentImage.jpg\">\r\n	Replace \"ContentImage.jpg\" with your own image file. Do not include a path. \r\nAdd Text Content:\r\n	In the body section find instances of \"Place Text Here\". Replace with your own text. \r\n -->\r\n\r\n<html xmlns=\"http://www.w3.org/1999/xhtml\" xml:lang=\"en\" lang=\"en\">\r\n<head>\r\n<meta http-equiv=\"content-type\" content=\"text/html; charset=utf-8\" />\r\n\r\n<style type=\"text/css\">\r\n/* <![CDATA[ */\r\n\r\n	.style01 {\r\n		color: #FFFFFF;\r\n		font-family: Arial, Helvetica, sans-serif;\r\n		font-size: 16px;\r\n		}\r\n	\r\n	body {\r\n		margin:0; padding:0;\r\n		font-size:16;\r\n		font-family: sans-serif;\r\n		}\r\n\r\n	#container {\r\n/* Replace \"ContentBackground001.jpg\" with your own background image. */\r\n		background-image:url(ContentBackground001.png);\r\n	    width:320px;\r\n		height:350px;\r\n		padding:0;\r\n		border:0;\r\n		overflow:hidden;\r\n		}\r\n			\r\n  	#header {\r\n	    width:320px;\r\n		height:1px;\r\n		padding:0;\r\n		border:0;\r\n		overflow:hidden;\r\n		}\r\n\r\n  	#footer {\r\n		width:320px;\r\n		height:30px;\r\n		padding:0;\r\n		}\r\n\r\n	#text {\r\n		width:244px;\r\n		height:130px;\r\n		padding:0;\r\n		overflow: hidden;\r\n		margin: 10px 38px 10px 38px\r\n		}\r\n\r\n	#content01 {\r\n		width: 320px;\r\n		height: 180px; \r\n		padding: 0;\r\n		overflow: hidden;\r\n	 	}\r\n		\r\n	#content02 {\r\n		width: 320px;\r\n		height: 138px; \r\n		padding: 0;\r\n		overflow: hidden;\r\n	 	}\r\n		\r\n	#divider {\r\n		width: 320px;\r\n		height: 14px; \r\n		padding: 0;\r\n	 	}\r\n		\r\n/* ]]> */\r\n</style>\r\n\r\n</head>\r\n<body>\r\n	\r\n<div id=\"container\">\r\n\r\n<div id=\"header\">\r\n   	</div>\r\n<div id=\"content01\">\r\n<!--Replace \"ContentImage.jpg\" here with your own image. -->\r\n	<div align=\"center\"><img width=\"320\" height=\"180\" src=\"M01_SidekickHook.png\">\r\n    </div>\r\n</div>\r\n<div id=\"divider\">\r\n</div>\r\n<div id=\"content02\">\r\n	<div id=\"text\" class=\"style01\">\r\n<!--Replace \"Place Text Here\" with your own text. -->\r\n  		<p><b>Sidekick:</b><br>We tied the rope together to cross the river. Our rope needed to be <b><i>twenty-six</i></b> feet long.<br>12+14=26</p>\r\n        <p></p>\r\n     \r\n  	</div>\r\n    </div>\r\n\r\n  	<div id=\"footer\">\r\n       	</div>\r\n    \r\n</div>\r\n\r\n</body>\r\n</html>','2011-04-06 15:03:11','2011-06-07 00:29:13',10,'content',NULL,NULL,NULL,NULL),(48,71,'<!--\r\n***INSTRUCTIONS***\r\nTo Change Background: \r\n	Find this line: \"background-image:url(ContentBackground001.jpg);\"\r\n	Replace \"contentbackground001.jpg\" with your file name. Do not include a path. \r\nAdd Image Content:\r\n	In the body section find this line: <div align=\"center\"><img width=\"242\" height=\"144\" src=\"ContentImage.jpg\">\r\n	Replace \"ContentImage.jpg\" with your own image file. Do not include a path. \r\nAdd Text Content:\r\n	In the body section find instances of \"Place Text Here\". Replace with your own text. \r\n -->\r\n\r\n<html xmlns=\"http://www.w3.org/1999/xhtml\" xml:lang=\"en\" lang=\"en\">\r\n<head>\r\n<meta http-equiv=\"content-type\" content=\"text/html; charset=utf-8\" />\r\n\r\n<style type=\"text/css\">\r\n/* <![CDATA[ */\r\n\r\n	.style01 {\r\n		color: #FFFFFF;\r\n		font-family: Arial, Helvetica, sans-serif;\r\n		font-size: 16px;\r\n		}\r\n	\r\n	body {\r\n		margin:0; padding:0;\r\n		font-size:16;\r\n		font-family: sans-serif;\r\n		}\r\n\r\n	#container {\r\n/* Replace \"ContentBackground001.jpg\" with your own background image. */\r\n		background-image:url(ContentBackground001.png);\r\n	    width:320px;\r\n		height:350px;\r\n		padding:0;\r\n		border:0;\r\n		overflow:hidden;\r\n		}\r\n			\r\n  	#header {\r\n	    width:320px;\r\n		height:1px;\r\n		padding:0;\r\n		border:0;\r\n		overflow:hidden;\r\n		}\r\n\r\n  	#footer {\r\n		width:320px;\r\n		height:30px;\r\n		padding:0;\r\n		}\r\n\r\n	#text {\r\n		width:244px;\r\n		height:130px;\r\n		padding:0;\r\n		overflow: hidden;\r\n		margin: 10px 38px 10px 38px\r\n		}\r\n\r\n	#content01 {\r\n		width: 320px;\r\n		height: 180px; \r\n		padding: 0;\r\n		overflow: hidden;\r\n	 	}\r\n		\r\n	#content02 {\r\n		width: 320px;\r\n		height: 138px; \r\n		padding: 0;\r\n		overflow: hidden;\r\n	 	}\r\n		\r\n	#divider {\r\n		width: 320px;\r\n		height: 14px; \r\n		padding: 0;\r\n	 	}\r\n		\r\n/* ]]> */\r\n</style>\r\n\r\n</head>\r\n<body>\r\n	\r\n<div id=\"container\">\r\n\r\n<div id=\"header\">\r\n   	</div>\r\n<div id=\"content01\">\r\n<!--Replace \"ContentImage.jpg\" here with your own image. -->\r\n	<div align=\"center\"><img width=\"320\" height=\"180\" src=\"M01_Pin02_002.png\">\r\n    </div>\r\n</div>\r\n<div id=\"divider\">\r\n</div>\r\n<div id=\"content02\">\r\n	<div id=\"text\" class=\"style01\">\r\n<!--Replace \"Place Text Here\" with your own text. -->\r\n  		<p><b>Sidekick:</b><br>And we nearly got lost in the forest! We took the path with <i><b>four</b></i> trees.<br>6+4=10</p>\r\n        <p></p>\r\n     \r\n  	</div>\r\n    </div>\r\n\r\n  	<div id=\"footer\">\r\n       	</div>\r\n    \r\n</div>\r\n\r\n</body>\r\n</html>','2011-04-06 15:03:11','2011-06-07 00:29:13',11,'content',NULL,NULL,NULL,NULL),(49,71,'<!--\r\n***INSTRUCTIONS***\r\nTo Change Background: \r\n	Find this line: \"background-image:url(ContentBackground001.jpg);\"\r\n	Replace \"contentbackground001.jpg\" with your file name. Do not include a path. \r\nAdd Image Content:\r\n	In the body section find this line: <div align=\"center\"><img width=\"242\" height=\"144\" src=\"ContentImage.jpg\">\r\n	Replace \"ContentImage.jpg\" with your own image file. Do not include a path. \r\nAdd Text Content:\r\n	In the body section find instances of \"Place Text Here\". Replace with your own text. \r\n -->\r\n\r\n<html xmlns=\"http://www.w3.org/1999/xhtml\" xml:lang=\"en\" lang=\"en\">\r\n<head>\r\n<meta http-equiv=\"content-type\" content=\"text/html; charset=utf-8\" />\r\n\r\n<style type=\"text/css\">\r\n/* <![CDATA[ */\r\n\r\n	.style01 {\r\n		color: #FFFFFF;\r\n		font-family: Arial, Helvetica, sans-serif;\r\n		font-size: 16px;\r\n		}\r\n	\r\n	body {\r\n		margin:0; padding:0;\r\n		font-size:16;\r\n		font-family: sans-serif;\r\n		}\r\n\r\n	#container {\r\n/* Replace \"ContentBackground001.jpg\" with your own background image. */\r\n		background-image:url(ContentBackground001.png);\r\n	    width:320px;\r\n		height:350px;\r\n		padding:0;\r\n		border:0;\r\n		overflow:hidden;\r\n		}\r\n			\r\n  	#header {\r\n	    width:320px;\r\n		height:1px;\r\n		padding:0;\r\n		border:0;\r\n		overflow:hidden;\r\n		}\r\n\r\n  	#footer {\r\n		width:320px;\r\n		height:30px;\r\n		padding:0;\r\n		}\r\n\r\n	#text {\r\n		width:244px;\r\n		height:130px;\r\n		padding:0;\r\n		overflow: hidden;\r\n		margin: 10px 38px 10px 38px\r\n		}\r\n\r\n	#content01 {\r\n		width: 320px;\r\n		height: 180px; \r\n		padding: 0;\r\n		overflow: hidden;\r\n	 	}\r\n		\r\n	#content02 {\r\n		width: 320px;\r\n		height: 138px; \r\n		padding: 0;\r\n		overflow: hidden;\r\n	 	}\r\n		\r\n	#divider {\r\n		width: 320px;\r\n		height: 14px; \r\n		padding: 0;\r\n	 	}\r\n		\r\n/* ]]> */\r\n</style>\r\n\r\n</head>\r\n<body>\r\n	\r\n<div id=\"container\">\r\n\r\n<div id=\"header\">\r\n   	</div>\r\n<div id=\"content01\">\r\n<!--Replace \"ContentImage.jpg\" here with your own image. -->\r\n	<div align=\"center\"><img width=\"320\" height=\"180\" src=\"M01_Concle001.png\">\r\n    </div>\r\n</div>\r\n<div id=\"divider\">\r\n</div>\r\n<div id=\"content02\">\r\n	<div id=\"text\" class=\"style01\">\r\n<!--Replace \"Place Text Here\" with your own text. -->\r\n  		<p><b>Sidekick:</b><br>Oh no! It\'s a <font color=\"red\"><i><b>monster</b></i></font> guarding the <font color=\"yellow\"><i>Logic Machine!!!</i></font> What can we use to get past him?</p>\r\n        <p></p>\r\n     \r\n  	</div>\r\n    </div>\r\n\r\n  	<div id=\"footer\">\r\n       	</div>\r\n    \r\n</div>\r\n\r\n</body>\r\n</html>','2011-04-06 15:03:11','2011-06-07 00:29:13',12,'content',NULL,NULL,NULL,NULL),(50,71,'<!--\r\n***INSTRUCTIONS***\r\nTo Change Background: \r\n	Find this line: \"background-image:url(ContentBackground001.jpg);\"\r\n	Replace \"contentbackground001.jpg\" with your file name. Do not include a path. \r\nAdd Image Content:\r\n	In the body section find this line: <div align=\"center\"><img width=\"242\" height=\"144\" src=\"ContentImage.jpg\">\r\n	Replace \"ContentImage.jpg\" with your own image file. Do not include a path. \r\nAdd Text Content:\r\n	In the body section find instances of \"Place Text Here\". Replace with your own text. \r\n -->\r\n\r\n<html xmlns=\"http://www.w3.org/1999/xhtml\" xml:lang=\"en\" lang=\"en\">\r\n<head>\r\n<meta http-equiv=\"content-type\" content=\"text/html; charset=utf-8\" />\r\n\r\n<style type=\"text/css\">\r\n/* <![CDATA[ */\r\n\r\n	.style01 {\r\n		color: #FFFFFF;\r\n		font-family: Arial, Helvetica, sans-serif;\r\n		font-size: 16px;\r\n		}\r\n	\r\n	body {\r\n		margin:0; padding:0;\r\n		font-size:16;\r\n		font-family: sans-serif;\r\n		}\r\n\r\n	#container {\r\n/* Replace \"ContentBackground001.jpg\" with your own background image. */\r\n		background-image:url(ContentBackground001.png);\r\n	    width:320px;\r\n		height:350px;\r\n		padding:0;\r\n		border:0;\r\n		overflow:hidden;\r\n		}\r\n			\r\n  	#header {\r\n	    width:320px;\r\n		height:1px;\r\n		padding:0;\r\n		border:0;\r\n		overflow:hidden;\r\n		}\r\n\r\n  	#footer {\r\n		width:320px;\r\n		height:30px;\r\n		padding:0;\r\n		}\r\n\r\n	#text {\r\n		width:244px;\r\n		height:130px;\r\n		padding:0;\r\n		overflow: hidden;\r\n		margin: 10px 38px 10px 38px\r\n		}\r\n\r\n	#content01 {\r\n		width: 320px;\r\n		height: 180px; \r\n		padding: 0;\r\n		overflow: hidden;\r\n	 	}\r\n		\r\n	#content02 {\r\n		width: 320px;\r\n		height: 138px; \r\n		padding: 0;\r\n		overflow: hidden;\r\n	 	}\r\n		\r\n	#divider {\r\n		width: 320px;\r\n		height: 14px; \r\n		padding: 0;\r\n	 	}\r\n		\r\n/* ]]> */\r\n</style>\r\n\r\n</head>\r\n<body>\r\n	\r\n<div id=\"container\">\r\n\r\n<div id=\"header\">\r\n   	</div>\r\n<div id=\"content01\">\r\n<!--Replace \"ContentImage.jpg\" here with your own image. -->\r\n	<div align=\"center\"><img width=\"320\" height=\"180\" src=\"M01_Concle002.png\">\r\n    </div>\r\n</div>\r\n<div id=\"divider\">\r\n</div>\r\n<div id=\"content02\">\r\n	<div id=\"text\" class=\"style01\">\r\n<!--Replace \"Place Text Here\" with your own text. -->\r\n  		<p><b>Sidekick:</b></p>\r\n        <p>Swing over him with the rope!</p>\r\n     \r\n  	</div>\r\n    </div>\r\n\r\n  	<div id=\"footer\">\r\n       	</div>\r\n    \r\n</div>\r\n\r\n</body>\r\n</html>','2011-04-06 15:03:11','2011-06-07 00:29:13',13,'content',NULL,NULL,NULL,NULL),(51,61,'<!--content 1-->\r\n<!--\r\n***INSTRUCTIONS***\r\nTo Change Background: \r\n	Find this line: \"background-image:url(ContentBackground001.jpg);\"\r\n	Replace \"contentbackground001.jpg\" with your file name. Do not include a path. \r\nAdd Image Content:\r\n	In the body section find this line: <div align=\"center\"><img width=\"242\" height=\"144\" src=\"ContentImage.jpg\">\r\n	Replace \"ContentImage.jpg\" with your own image file. Do not include a path. \r\nAdd Text Content:\r\n	In the body section find instances of \"Place Text Here\". Replace with your own text. \r\n -->\r\n\r\n<html xmlns=\"http://www.w3.org/1999/xhtml\" xml:lang=\"en\" lang=\"en\">\r\n<head>\r\n<meta http-equiv=\"content-type\" content=\"text/html; charset=utf-8\" />\r\n\r\n<style type=\"text/css\">\r\n/* <![CDATA[ */\r\n\r\n	.style01 {\r\n		color: #FFFFFF;\r\n		font-family: Arial, Helvetica, sans-serif;\r\n		font-size: 16px;\r\n		}\r\n	\r\n	body {\r\n		margin:0; padding:0;\r\n		font-size:16;\r\n		font-family: sans-serif;\r\n		}\r\n\r\n	#container {\r\n/* Replace \"ContentBackground001.jpg\" with your own background image. */\r\n		background-image:url(ContentBackground001.png);\r\n	    width:320px;\r\n		height:350px;\r\n		padding:0;\r\n		border:0;\r\n		overflow:hidden;\r\n		}\r\n			\r\n  	#header {\r\n	    width:320px;\r\n		height:1px;\r\n		padding:0;\r\n		border:0;\r\n		overflow:hidden;\r\n		}\r\n\r\n  	#footer {\r\n		width:320px;\r\n		height:30px;\r\n		padding:0;\r\n		}\r\n\r\n	#text {\r\n		width:244px;\r\n		height:130px;\r\n		padding:0;\r\n		overflow: hidden;\r\n		margin: 10px 38px 10px 38px\r\n		}\r\n\r\n	#content01 {\r\n		width: 320px;\r\n		height: 180px; \r\n		padding: 0;\r\n		overflow: hidden;\r\n	 	}\r\n		\r\n	#content02 {\r\n		width: 320px;\r\n		height: 138px; \r\n		padding: 0;\r\n		overflow: hidden;\r\n	 	}\r\n		\r\n	#divider {\r\n		width: 320px;\r\n		height: 14px; \r\n		padding: 0;\r\n	 	}\r\n		\r\n/* ]]> */\r\n</style>\r\n\r\n</head>\r\n<body>\r\n	\r\n<div id=\"container\">\r\n\r\n<div id=\"header\">\r\n   	</div>\r\n<div id=\"content01\">\r\n<!--Replace \"ContentImage.jpg\" here with your own image. -->\r\n	<div align=\"center\"><img width=\"320\" height=\"180\" src=\"M01_Intro001.png\">\r\n    </div>\r\n</div>\r\n<div id=\"divider\">\r\n</div>\r\n<div id=\"content02\">\r\n	<div id=\"text\" class=\"style01\">\r\n<!--Replace \"Place Text Here\" with your own text. -->\r\n  		<p><b>Trainer:</b></p>\r\n        <p>Welcome to the <font color=\"yellow\"><i><b>X-Fraction Hero Training Program</b></i></font>. Press the Next button on the bottom of the screen to get the next direction.</ p>\r\n     \r\n  	</div>\r\n    </div>\r\n\r\n  	<div id=\"footer\">\r\n       	</div>\r\n    \r\n</div>\r\n\r\n</body>\r\n</html>','2011-05-13 16:43:30','2011-06-21 22:46:41',1,'content',NULL,NULL,NULL,NULL),(52,61,'<!--content 2-->\r\n<!--\r\n***INSTRUCTIONS***\r\nTo Change Background: \r\n	Find this line: \"background-image:url(ContentBackground001.jpg);\"\r\n	Replace \"contentbackground001.jpg\" with your file name. Do not include a path. \r\nAdd Image Content:\r\n	In the body section find this line: <div align=\"center\"><img width=\"242\" height=\"144\" src=\"ContentImage.jpg\">\r\n	Replace \"ContentImage.jpg\" with your own image file. Do not include a path. \r\nAdd Text Content:\r\n	In the body section find instances of \"Place Text Here\". Replace with your own text. \r\n -->\r\n\r\n<html xmlns=\"http://www.w3.org/1999/xhtml\" xml:lang=\"en\" lang=\"en\">\r\n<head>\r\n<meta http-equiv=\"content-type\" content=\"text/html; charset=utf-8\" />\r\n\r\n<style type=\"text/css\">\r\n/* <![CDATA[ */\r\n\r\n	.style01 {\r\n		color: #FFFFFF;\r\n		font-family: Arial, Helvetica, sans-serif;\r\n		font-size: 16px;\r\n		}\r\n	\r\n	body {\r\n		margin:0; padding:0;\r\n		font-size:16;\r\n		font-family: sans-serif;\r\n		}\r\n\r\n	#container {\r\n/* Replace \"ContentBackground001.jpg\" with your own background image. */\r\n		background-image:url(ContentBackground001.png);\r\n	    width:320px;\r\n		height:350px;\r\n		padding:0;\r\n		border:0;\r\n		overflow:hidden;\r\n		}\r\n			\r\n  	#header {\r\n	    width:320px;\r\n		height:1px;\r\n		padding:0;\r\n		border:0;\r\n		overflow:hidden;\r\n		}\r\n\r\n  	#footer {\r\n		width:320px;\r\n		height:30px;\r\n		padding:0;\r\n		}\r\n\r\n	#text {\r\n		width:244px;\r\n		height:130px;\r\n		padding:0;\r\n		overflow: hidden;\r\n		margin: 10px 38px 10px 38px\r\n		}\r\n\r\n	#content01 {\r\n		width: 320px;\r\n		height: 180px; \r\n		padding: 0;\r\n		overflow: hidden;\r\n	 	}\r\n		\r\n	#content02 {\r\n		width: 320px;\r\n		height: 138px; \r\n		padding: 0;\r\n		overflow: hidden;\r\n	 	}\r\n		\r\n	#divider {\r\n		width: 320px;\r\n		height: 14px; \r\n		padding: 0;\r\n	 	}\r\n		\r\n/* ]]> */\r\n</style>\r\n\r\n</head>\r\n<body>\r\n	\r\n<div id=\"container\">\r\n\r\n<div id=\"header\">\r\n   	</div>\r\n<div id=\"content01\">\r\n<!--Replace \"ContentImage.jpg\" here with your own image. -->\r\n	<div align=\"center\"><img width=\"320\" height=\"180\" src=\"M01_Intro002.png\">\r\n    </div>\r\n</div>\r\n<div id=\"divider\">\r\n</div>\r\n<div id=\"content02\">\r\n	<div id=\"text\" class=\"style01\">\r\n<!--Replace \"Place Text Here\" with your own text. -->\r\n  		<p>Trainer:</p>\r\n        <p>There are five stages to your training.</p\r\n     \r\n  	</div>\r\n    </div>\r\n\r\n  	<div id=\"footer\">\r\n       	</div>\r\n    \r\n</div>\r\n\r\n</body>\r\n</html>','2011-05-13 16:43:30','2011-06-21 22:46:41',2,'content',NULL,NULL,NULL,NULL),(53,61,'<!--content 3-->\r\n<!--\r\n***INSTRUCTIONS***\r\nTo Change Background: \r\n	Find this line: \"background-image:url(ContentBackground001.jpg);\"\r\n	Replace \"contentbackground001.jpg\" with your file name. Do not include a path. \r\nAdd Image Content:\r\n	In the body section find this line: <div align=\"center\"><img width=\"242\" height=\"144\" src=\"ContentImage.jpg\">\r\n	Replace \"ContentImage.jpg\" with your own image file. Do not include a path. \r\nAdd Text Content:\r\n	In the body section find instances of \"Place Text Here\". Replace with your own text. \r\n -->\r\n\r\n<html xmlns=\"http://www.w3.org/1999/xhtml\" xml:lang=\"en\" lang=\"en\">\r\n<head>\r\n<meta http-equiv=\"content-type\" content=\"text/html; charset=utf-8\" />\r\n\r\n<style type=\"text/css\">\r\n/* <![CDATA[ */\r\n\r\n	.style01 {\r\n		color: #FFFFFF;\r\n		font-family: Arial, Helvetica, sans-serif;\r\n		font-size: 16px;\r\n		}\r\n	\r\n	body {\r\n		margin:0; padding:0;\r\n		font-size:16;\r\n		font-family: sans-serif;\r\n		}\r\n\r\n	#container {\r\n/* Replace \"ContentBackground001.jpg\" with your own background image. */\r\n		background-image:url(ContentBackground001.png);\r\n	    width:320px;\r\n		height:350px;\r\n		padding:0;\r\n		border:0;\r\n		overflow:hidden;\r\n		}\r\n			\r\n  	#header {\r\n	    width:320px;\r\n		height:1px;\r\n		padding:0;\r\n		border:0;\r\n		overflow:hidden;\r\n		}\r\n\r\n  	#footer {\r\n		width:320px;\r\n		height:30px;\r\n		padding:0;\r\n		}\r\n\r\n	#text {\r\n		width:244px;\r\n		height:130px;\r\n		padding:0;\r\n		overflow: hidden;\r\n		margin: 10px 38px 10px 38px\r\n		}\r\n\r\n	#content01 {\r\n		width: 320px;\r\n		height: 180px; \r\n		padding: 0;\r\n		overflow: hidden;\r\n	 	}\r\n		\r\n	#content02 {\r\n		width: 320px;\r\n		height: 138px; \r\n		padding: 0;\r\n		overflow: hidden;\r\n	 	}\r\n		\r\n	#divider {\r\n		width: 320px;\r\n		height: 14px; \r\n		padding: 0;\r\n	 	}\r\n		\r\n/* ]]> */\r\n</style>\r\n\r\n</head>\r\n<body>\r\n	\r\n<div id=\"container\">\r\n\r\n<div id=\"header\">\r\n   	</div>\r\n<div id=\"content01\">\r\n<!--Replace \"ContentImage.jpg\" here with your own image. -->\r\n	<div align=\"center\"><img width=\"320\" height=\"180\" src=\"M01_IntroIckles.png\">\r\n    </div>\r\n</div>\r\n<div id=\"divider\">\r\n</div>\r\n<div id=\"content02\">\r\n	<div id=\"text\" class=\"style01\">\r\n<!--Replace \"Place Text Here\" with your own text. -->\r\n  		<p>Trainer:</p>\r\n        <p> In each stage you must complete a task and ruin the plans of evil <font color=\"red\"><i><b>Dr. Ickles and his monsters!</b></i></font></p><p>This is your <font color=\"green\"><i><b>Sidekick</b></i></font>. He will help your through your training.</p>\r\n     \r\n  	</div>\r\n    </div>\r\n\r\n  	<div id=\"footer\">\r\n       	</div>\r\n    \r\n</div>\r\n\r\n</body>\r\n</html>','2011-05-13 16:43:30','2011-06-21 22:46:41',3,'content',NULL,NULL,NULL,NULL),(54,61,'<!--content 4-->\r\n<!--\r\n***INSTRUCTIONS***\r\nTo Change Background: \r\n	Find this line: \"background-image:url(ContentBackground001.jpg);\"\r\n	Replace \"contentbackground001.jpg\" with your file name. Do not include a path. \r\nAdd Image Content:\r\n	In the body section find this line: <div align=\"center\"><img width=\"242\" height=\"144\" src=\"ContentImage.jpg\">\r\n	Replace \"ContentImage.jpg\" with your own image file. Do not include a path. \r\nAdd Text Content:\r\n	In the body section find instances of \"Place Text Here\". Replace with your own text. \r\n -->\r\n\r\n<html xmlns=\"http://www.w3.org/1999/xhtml\" xml:lang=\"en\" lang=\"en\">\r\n<head>\r\n<meta http-equiv=\"content-type\" content=\"text/html; charset=utf-8\" />\r\n\r\n<style type=\"text/css\">\r\n/* <![CDATA[ */\r\n\r\n	.style01 {\r\n		color: #FFFFFF;\r\n		font-family: Arial, Helvetica, sans-serif;\r\n		font-size: 16px;\r\n		}\r\n	\r\n	body {\r\n		margin:0; padding:0;\r\n		font-size:16;\r\n		font-family: sans-serif;\r\n		}\r\n\r\n	#container {\r\n/* Replace \"ContentBackground001.jpg\" with your own background image. */\r\n		background-image:url(ContentBackground001.png);\r\n	    width:320px;\r\n		height:350px;\r\n		padding:0;\r\n		border:0;\r\n		overflow:hidden;\r\n		}\r\n			\r\n  	#header {\r\n	    width:320px;\r\n		height:1px;\r\n		padding:0;\r\n		border:0;\r\n		overflow:hidden;\r\n		}\r\n\r\n  	#footer {\r\n		width:320px;\r\n		height:30px;\r\n		padding:0;\r\n		}\r\n\r\n	#text {\r\n		width:244px;\r\n		height:130px;\r\n		padding:0;\r\n		overflow: hidden;\r\n		margin: 10px 38px 10px 38px\r\n		}\r\n\r\n	#content01 {\r\n		width: 320px;\r\n		height: 180px; \r\n		padding: 0;\r\n		overflow: hidden;\r\n	 	}\r\n		\r\n	#content02 {\r\n		width: 320px;\r\n		height: 138px; \r\n		padding: 0;\r\n		overflow: hidden;\r\n	 	}\r\n		\r\n	#divider {\r\n		width: 320px;\r\n		height: 14px; \r\n		padding: 0;\r\n	 	}\r\n		\r\n/* ]]> */\r\n</style>\r\n\r\n</head>\r\n<body>\r\n	\r\n<div id=\"container\">\r\n\r\n<div id=\"header\">\r\n   	</div>\r\n<div id=\"content01\">\r\n<!--Replace \"ContentImage.jpg\" here with your own image. -->\r\n	<div align=\"center\"><img width=\"320\" height=\"180\" src=\"M01_Intro003.png\">\r\n    </div>\r\n</div>\r\n<div id=\"divider\">\r\n</div>\r\n<div id=\"content02\">\r\n	<div id=\"text\" class=\"style01\">\r\n<!--Replace \"Place Text Here\" with your own text. -->\r\n<p>Trainer:</p>\r\n  		<p>Your sidekick for this game is Andy. He will help you through your training.</p>\r\n       \r\n       	</div>\r\n    </div>\r\n\r\n  	<div id=\"footer\">\r\n       	</div>\r\n    \r\n</div>\r\n\r\n</body>\r\n</html>','2011-05-13 16:43:30','2011-06-21 22:46:41',4,'content',NULL,NULL,NULL,NULL),(55,61,'<!--content 5-->\r\n<!--\r\n***INSTRUCTIONS***\r\nTo Change Background: \r\n	Find this line: \"background-image:url(ContentBackground001.jpg);\"\r\n	Replace \"contentbackground001.jpg\" with your file name. Do not include a path. \r\nAdd Image Content:\r\n	In the body section find this line: <div align=\"center\"><img width=\"242\" height=\"144\" src=\"ContentImage.jpg\">\r\n	Replace \"ContentImage.jpg\" with your own image file. Do not include a path. \r\nAdd Text Content:\r\n	In the body section find instances of \"Place Text Here\". Replace with your own text. \r\n -->\r\n\r\n<html xmlns=\"http://www.w3.org/1999/xhtml\" xml:lang=\"en\" lang=\"en\">\r\n<head>\r\n<meta http-equiv=\"content-type\" content=\"text/html; charset=utf-8\" />\r\n\r\n<style type=\"text/css\">\r\n/* <![CDATA[ */\r\n\r\n	.style01 {\r\n		color: #FFFFFF;\r\n		font-family: Arial, Helvetica, sans-serif;\r\n		font-size: 16px;\r\n		}\r\n	\r\n	body {\r\n		margin:0; padding:0;\r\n		font-size:16;\r\n		font-family: sans-serif;\r\n		}\r\n\r\n	#container {\r\n/* Replace \"ContentBackground001.jpg\" with your own background image. */\r\n		background-image:url(ContentBackground001.png);\r\n	    width:320px;\r\n		height:350px;\r\n		padding:0;\r\n		border:0;\r\n		overflow:hidden;\r\n		}\r\n			\r\n  	#header {\r\n	    width:320px;\r\n		height:1px;\r\n		padding:0;\r\n		border:0;\r\n		overflow:hidden;\r\n		}\r\n\r\n  	#footer {\r\n		width:320px;\r\n		height:30px;\r\n		padding:0;\r\n		}\r\n\r\n	#text {\r\n		width:244px;\r\n		height:130px;\r\n		padding:0;\r\n		overflow: hidden;\r\n		margin: 10px 38px 10px 38px\r\n		}\r\n\r\n	#content01 {\r\n		width: 320px;\r\n		height: 180px; \r\n		padding: 0;\r\n		overflow: hidden;\r\n	 	}\r\n		\r\n	#content02 {\r\n		width: 320px;\r\n		height: 138px; \r\n		padding: 0;\r\n		overflow: hidden;\r\n	 	}\r\n		\r\n	#divider {\r\n		width: 320px;\r\n		height: 14px; \r\n		padding: 0;\r\n	 	}\r\n		\r\n/* ]]> */\r\n</style>\r\n\r\n</head>\r\n<body>\r\n	\r\n<div id=\"container\">\r\n\r\n<div id=\"header\">\r\n   	</div>\r\n<div id=\"content01\">\r\n<!--Replace \"ContentImage.jpg\" here with your own image. -->\r\n	<div align=\"center\"><img width=\"320\" height=\"180\" src=\"M01_Introtools.png\">\r\n    </div>\r\n</div>\r\n<div id=\"divider\">\r\n</div>\r\n<div id=\"content02\">\r\n	<div id=\"text\" class=\"style01\">\r\n<!--Replace \"Place Text Here\" with your own text. -->\r\n  		<p>Trainer:</p>\r\n        <p>This button is to help you get a better signal. Ask your teacher for help. \r\n     \r\n  	</div>\r\n    </div>\r\n\r\n  	<div id=\"footer\">\r\n       	</div>\r\n    \r\n</div>\r\n\r\n</body>\r\n</html>','2011-05-13 16:43:30','2011-06-21 22:46:41',5,'content',NULL,NULL,NULL,NULL),(56,61,'<!--content 6-->\r\n<!--\r\n***INSTRUCTIONS***\r\nTo Change Background: \r\n	Find this line: \"background-image:url(ContentBackground001.jpg);\"\r\n	Replace \"contentbackground001.jpg\" with your file name. Do not include a path. \r\nAdd Image Content:\r\n	In the body section find this line: <div align=\"center\"><img width=\"242\" height=\"144\" src=\"ContentImage.jpg\">\r\n	Replace \"ContentImage.jpg\" with your own image file. Do not include a path. \r\nAdd Text Content:\r\n	In the body section find instances of \"Place Text Here\". Replace with your own text. \r\n -->\r\n\r\n<html xmlns=\"http://www.w3.org/1999/xhtml\" xml:lang=\"en\" lang=\"en\">\r\n<head>\r\n<meta http-equiv=\"content-type\" content=\"text/html; charset=utf-8\" />\r\n\r\n<style type=\"text/css\">\r\n/* <![CDATA[ */\r\n\r\n	.style01 {\r\n		color: #FFFFFF;\r\n		font-family: Arial, Helvetica, sans-serif;\r\n		font-size: 16px;\r\n		}\r\n	\r\n	body {\r\n		margin:0; padding:0;\r\n		font-size:16;\r\n		font-family: sans-serif;\r\n		}\r\n\r\n	#container {\r\n/* Replace \"ContentBackground001.jpg\" with your own background image. */\r\n		background-image:url(ContentBackground001.png);\r\n	    width:320px;\r\n		height:350px;\r\n		padding:0;\r\n		border:0;\r\n		overflow:hidden;\r\n		}\r\n			\r\n  	#header {\r\n	    width:320px;\r\n		height:1px;\r\n		padding:0;\r\n		border:0;\r\n		overflow:hidden;\r\n		}\r\n\r\n  	#footer {\r\n		width:320px;\r\n		height:30px;\r\n		padding:0;\r\n		}\r\n\r\n	#text {\r\n		width:244px;\r\n		height:130px;\r\n		padding:0;\r\n		overflow: hidden;\r\n		margin: 10px 38px 10px 38px\r\n		}\r\n\r\n	#content01 {\r\n		width: 320px;\r\n		height: 180px; \r\n		padding: 0;\r\n		overflow: hidden;\r\n	 	}\r\n		\r\n	#content02 {\r\n		width: 320px;\r\n		height: 138px; \r\n		padding: 0;\r\n		overflow: hidden;\r\n	 	}\r\n		\r\n	#divider {\r\n		width: 320px;\r\n		height: 14px; \r\n		padding: 0;\r\n	 	}\r\n		\r\n/* ]]> */\r\n</style>\r\n\r\n</head>\r\n<body>\r\n	\r\n<div id=\"container\">\r\n\r\n<div id=\"header\">\r\n   	</div>\r\n<div id=\"content01\">\r\n<!--Replace \"ContentImage.jpg\" here with your own image. -->\r\n	<div align=\"center\"><img width=\"320\" height=\"180\" src=\"M01_Introcurrent_location.png\">\r\n    </div>\r\n</div>\r\n<div id=\"divider\">\r\n</div>\r\n<div id=\"content02\">\r\n	<div id=\"text\" class=\"style01\">\r\n<!--Replace \"Place Text Here\" with your own text. -->\r\n  		<p>Trainer:</p>\r\n        <p>We need to get started. Press the compass button the bottom of the screen. </p>\r\n     \r\n  	</div>\r\n    </div>\r\n\r\n  	<div id=\"footer\">\r\n       	</div>\r\n    \r\n</div>\r\n\r\n</body>\r\n</html>','2011-05-13 16:43:30','2011-06-21 22:46:41',6,'content',NULL,NULL,NULL,NULL),(57,61,'<!--content 7-->\r\n<!--\r\n***INSTRUCTIONS***\r\nTo Change Background: \r\n	Find this line: \"background-image:url(ContentBackground001.jpg);\"\r\n	Replace \"contentbackground001.jpg\" with your file name. Do not include a path. \r\nAdd Image Content:\r\n	In the body section find this line: <div align=\"center\"><img width=\"242\" height=\"144\" src=\"ContentImage.jpg\">\r\n	Replace \"ContentImage.jpg\" with your own image file. Do not include a path. \r\nAdd Text Content:\r\n	In the body section find instances of \"Place Text Here\". Replace with your own text. \r\n -->\r\n\r\n<html xmlns=\"http://www.w3.org/1999/xhtml\" xml:lang=\"en\" lang=\"en\">\r\n<head>\r\n<meta http-equiv=\"content-type\" content=\"text/html; charset=utf-8\" />\r\n\r\n<style type=\"text/css\">\r\n/* <![CDATA[ */\r\n\r\n	.style01 {\r\n		color: #FFFFFF;\r\n		font-family: Arial, Helvetica, sans-serif;\r\n		font-size: 16px;\r\n		}\r\n	\r\n	body {\r\n		margin:0; padding:0;\r\n		font-size:16;\r\n		font-family: sans-serif;\r\n		}\r\n\r\n	#container {\r\n/* Replace \"ContentBackground001.jpg\" with your own background image. */\r\n		background-image:url(ContentBackground001.png);\r\n	    width:320px;\r\n		height:350px;\r\n		padding:0;\r\n		border:0;\r\n		overflow:hidden;\r\n		}\r\n			\r\n  	#header {\r\n	    width:320px;\r\n		height:1px;\r\n		padding:0;\r\n		border:0;\r\n		overflow:hidden;\r\n		}\r\n\r\n  	#footer {\r\n		width:320px;\r\n		height:30px;\r\n		padding:0;\r\n		}\r\n\r\n	#text {\r\n		width:244px;\r\n		height:130px;\r\n		padding:0;\r\n		overflow: hidden;\r\n		margin: 10px 38px 10px 38px\r\n		}\r\n\r\n	#content01 {\r\n		width: 320px;\r\n		height: 180px; \r\n		padding: 0;\r\n		overflow: hidden;\r\n	 	}\r\n		\r\n	#content02 {\r\n		width: 320px;\r\n		height: 138px; \r\n		padding: 0;\r\n		overflow: hidden;\r\n	 	}\r\n		\r\n	#divider {\r\n		width: 320px;\r\n		height: 14px; \r\n		padding: 0;\r\n	 	}\r\n		\r\n/* ]]> */\r\n</style>\r\n\r\n</head>\r\n<body>\r\n	\r\n<div id=\"container\">\r\n\r\n<div id=\"header\">\r\n   	</div>\r\n<div id=\"content01\">\r\n<!--Replace \"ContentImage.jpg\" here with your own image. -->\r\n	<div align=\"center\"><img width=\"320\" height=\"180\" src=\"M01_Intro004.png\">\r\n    </div>\r\n</div>\r\n<div id=\"divider\">\r\n</div>\r\n<div id=\"content02\">\r\n	<div id=\"text\" class=\"style01\">\r\n<!--Replace \"Place Text Here\" with your own text. -->\r\n  		<p><br>Walk to the center of the field and press the <b><i>Where am I?</i></b> button. </p>\r\n        <p></p>\r\n     \r\n  	</div>\r\n    </div>\r\n\r\n  	<div id=\"footer\">\r\n       	</div>\r\n    \r\n</div>\r\n\r\n</body>\r\n</html>','2011-05-13 16:43:30','2011-06-21 22:46:41',7,'content',NULL,NULL,NULL,NULL),(58,63,'<!--\r\n***INSTRUCTIONS***\r\nTo Change Background: \r\n	Find this line: \"background-image:url(ContentBackground001.jpg);\"\r\n	Replace \"contentbackground001.jpg\" with your file name. Do not include a path. \r\nAdd Image Content:\r\n	In the body section find this line: <div align=\"center\"><img width=\"242\" height=\"144\" src=\"ContentImage.jpg\">\r\n	Replace \"ContentImage.jpg\" with your own image file. Do not include a path. \r\nAdd Text Content:\r\n	In the body section find instances of \"Place Text Here\". Replace with your own text. \r\n -->\r\n\r\n<html xmlns=\"http://www.w3.org/1999/xhtml\" xml:lang=\"en\" lang=\"en\">\r\n<head>\r\n<meta http-equiv=\"content-type\" content=\"text/html; charset=utf-8\" />\r\n\r\n<style type=\"text/css\">\r\n/* <![CDATA[ */\r\n\r\n	.style01 {\r\n		color: #FFFFFF;\r\n		font-family: Arial, Helvetica, sans-serif;\r\n		font-size: 16px;\r\n		}\r\n	\r\n	body {\r\n		margin:0; padding:0;\r\n		font-size:16;\r\n		font-family: sans-serif;\r\n		}\r\n\r\n	#container {\r\n/* Replace \"ContentBackground001.jpg\" with your own background image. */\r\n		background-image:url(ContentBackground001.png);\r\n	    width:320px;\r\n		height:350px;\r\n		padding:0;\r\n		border:0;\r\n		overflow:hidden;\r\n		}\r\n			\r\n  	#header {\r\n	    width:320px;\r\n		height:1px;\r\n		padding:0;\r\n		border:0;\r\n		overflow:hidden;\r\n		}\r\n\r\n  	#footer {\r\n		width:320px;\r\n		height:30px;\r\n		padding:0;\r\n		}\r\n\r\n	#text {\r\n		width:244px;\r\n		height:130px;\r\n		padding:0;\r\n		overflow: hidden;\r\n		margin: 10px 38px 10px 38px\r\n		}\r\n\r\n	#content01 {\r\n		width: 320px;\r\n		height: 180px; \r\n		padding: 0;\r\n		overflow: hidden;\r\n	 	}\r\n		\r\n	#content02 {\r\n		width: 320px;\r\n		height: 138px; \r\n		padding: 0;\r\n		overflow: hidden;\r\n	 	}\r\n		\r\n	#divider {\r\n		width: 320px;\r\n		height: 14px; \r\n		padding: 0;\r\n	 	}\r\n		\r\n/* ]]> */\r\n</style>\r\n\r\n</head>\r\n<body>\r\n	\r\n<div id=\"container\">\r\n\r\n<div id=\"header\">\r\n   	</div>\r\n<div id=\"content01\">\r\n<!--Replace \"ContentImage.jpg\" here with your own image. -->\r\n	<div align=\"center\"><img width=\"320\" height=\"180\" src=\"M01_Pin02_002.png\">\r\n    </div>\r\n</div>\r\n<div id=\"divider\">\r\n</div>\r\n<div id=\"content02\">\r\n	<div id=\"text\" class=\"style01\">\r\n<!--Replace \"Place Text Here\" with your own text. -->\r\n  		<p><b>Sidekick:</b></p>\r\n        <p>We need to take the path with <b><i>four</i></b> trees.</p>\r\n     \r\n  	</div>\r\n    </div>\r\n\r\n  	<div id=\"footer\">\r\n       	</div>\r\n    \r\n</div>\r\n\r\n</body>\r\n</html>','2011-05-13 16:45:56','2011-06-04 17:56:23',4,'content',NULL,NULL,NULL,NULL),(59,67,'<!--\r\n***INSTRUCTIONS***\r\nTo Change Background: \r\n	Find this line: \"background-image:url(ContentBackground001.jpg);\"\r\n	Replace \"contentbackground001.jpg\" with your file name. Do not include a path. \r\nAdd Image Content:\r\n	In the body section find this line: <div align=\"center\"><img width=\"242\" height=\"144\" src=\"ContentImage.jpg\">\r\n	Replace \"ContentImage.jpg\" with your own image file. Do not include a path. \r\nAdd Text Content:\r\n	In the body section find instances of \"Place Text Here\". Replace with your own text. \r\n -->\r\n\r\n<html xmlns=\"http://www.w3.org/1999/xhtml\" xml:lang=\"en\" lang=\"en\">\r\n<head>\r\n<meta http-equiv=\"content-type\" content=\"text/html; charset=utf-8\" />\r\n\r\n<style type=\"text/css\">\r\n/* <![CDATA[ */\r\n\r\n	.style01 {\r\n		color: #FFFFFF;\r\n		font-family: Arial, Helvetica, sans-serif;\r\n		font-size: 16px;\r\n		}\r\n	\r\n	body {\r\n		margin:0; padding:0;\r\n		font-size:16;\r\n		font-family: sans-serif;\r\n		}\r\n\r\n	#container {\r\n/* Replace \"ContentBackground001.jpg\" with your own background image. */\r\n		background-image:url(ContentBackground001.png);\r\n	    width:320px;\r\n		height:350px;\r\n		padding:0;\r\n		border:0;\r\n		overflow:hidden;\r\n		}\r\n			\r\n  	#header {\r\n	    width:320px;\r\n		height:1px;\r\n		padding:0;\r\n		border:0;\r\n		overflow:hidden;\r\n		}\r\n\r\n  	#footer {\r\n		width:320px;\r\n		height:30px;\r\n		padding:0;\r\n		}\r\n\r\n	#text {\r\n		width:244px;\r\n		height:130px;\r\n		padding:0;\r\n		overflow: hidden;\r\n		margin: 10px 38px 10px 38px\r\n		}\r\n\r\n	#content01 {\r\n		width: 320px;\r\n		height: 180px; \r\n		padding: 0;\r\n		overflow: hidden;\r\n	 	}\r\n		\r\n	#content02 {\r\n		width: 320px;\r\n		height: 138px; \r\n		padding: 0;\r\n		overflow: hidden;\r\n	 	}\r\n		\r\n	#divider {\r\n		width: 320px;\r\n		height: 14px; \r\n		padding: 0;\r\n	 	}\r\n		\r\n/* ]]> */\r\n</style>\r\n\r\n</head>\r\n<body>\r\n	\r\n<div id=\"container\">\r\n\r\n<div id=\"header\">\r\n   	</div>\r\n<div id=\"content01\">\r\n<!--Replace \"ContentImage.jpg\" here with your own image. -->\r\n	<div align=\"center\"><img width=\"320\" height=\"180\" src=\"M01_SidekickShoes.png\">\r\n    </div>\r\n</div>\r\n<div id=\"divider\">\r\n</div>\r\n<div id=\"content02\">\r\n	<div id=\"text\" class=\"style01\">\r\n<!--Replace \"Place Text Here\" with your own text. -->\r\n  		<p><b>Sidekick:</b></p>\r\n        <p>Great idea! We can use the <i>springs</i> from the sign to hop up the side of the mountain!</p>\r\n     \r\n  	</div>\r\n    </div>\r\n\r\n  	<div id=\"footer\">\r\n       	</div>\r\n    \r\n</div>\r\n\r\n</body>\r\n</html>','2011-05-13 16:49:59','2011-06-06 16:51:36',3,'content',NULL,NULL,NULL,NULL),(60,68,'<!--\r\n***INSTRUCTIONS***\r\nTo Change Background: \r\n	Find this line: \"background-image:url(ContentBackground001.jpg);\"\r\n	Replace \"contentbackground001.jpg\" with your file name. Do not include a path. \r\nAdd Image Content:\r\n	In the body section find this line: <div align=\"center\"><img width=\"242\" height=\"144\" src=\"ContentImage.jpg\">\r\n	Replace \"ContentImage.jpg\" with your own image file. Do not include a path. \r\nAdd Text Content:\r\n	In the body section find instances of \"Place Text Here\". Replace with your own text. \r\n -->\r\n\r\n<html xmlns=\"http://www.w3.org/1999/xhtml\" xml:lang=\"en\" lang=\"en\">\r\n<head>\r\n<meta http-equiv=\"content-type\" content=\"text/html; charset=utf-8\" />\r\n\r\n<style type=\"text/css\">\r\n/* <![CDATA[ */\r\n\r\n	.style01 {\r\n		color: #FFFFFF;\r\n		font-family: Arial, Helvetica, sans-serif;\r\n		font-size: 16px;\r\n		}\r\n	\r\n	body {\r\n		margin:0; padding:0;\r\n		font-size:16;\r\n		font-family: sans-serif;\r\n		}\r\n\r\n	#container {\r\n/* Replace \"ContentBackground001.jpg\" with your own background image. */\r\n		background-image:url(ContentBackground001.png);\r\n	    width:320px;\r\n		height:350px;\r\n		padding:0;\r\n		border:0;\r\n		overflow:hidden;\r\n		}\r\n			\r\n  	#header {\r\n	    width:320px;\r\n		height:1px;\r\n		padding:0;\r\n		border:0;\r\n		overflow:hidden;\r\n		}\r\n\r\n  	#footer {\r\n		width:320px;\r\n		height:30px;\r\n		padding:0;\r\n		}\r\n\r\n	#text {\r\n		width:244px;\r\n		height:130px;\r\n		padding:0;\r\n		overflow: hidden;\r\n		margin: 10px 38px 10px 38px\r\n		}\r\n\r\n	#content01 {\r\n		width: 320px;\r\n		height: 180px; \r\n		padding: 0;\r\n		overflow: hidden;\r\n	 	}\r\n		\r\n	#content02 {\r\n		width: 320px;\r\n		height: 138px; \r\n		padding: 0;\r\n		overflow: hidden;\r\n	 	}\r\n		\r\n	#divider {\r\n		width: 320px;\r\n		height: 14px; \r\n		padding: 0;\r\n	 	}\r\n		\r\n/* ]]> */\r\n</style>\r\n\r\n</head>\r\n<body>\r\n	\r\n<div id=\"container\">\r\n\r\n<div id=\"header\">\r\n   	</div>\r\n<div id=\"content01\">\r\n<!--Replace \"ContentImage.jpg\" here with your own image. -->\r\n	<div align=\"center\"><img width=\"320\" height=\"180\" src=\"M01_SidekickGreat.png\">\r\n    </div>\r\n</div>\r\n<div id=\"divider\">\r\n</div>\r\n<div id=\"content02\">\r\n	<div id=\"text\" class=\"style01\">\r\n<!--Replace \"Place Text Here\" with your own text. -->\r\n  		<p><b>Sidekick:</b></p>\r\n        <p><font color=\"yellow\"><i><b>Great Job!!</b></i></font> Now that we have your backpack lets find <font color=\"red\"><i><b>Dr. Ickles\'</b></i></font> fortress. </p>\r\n     \r\n  	</div>\r\n    </div>\r\n\r\n  	<div id=\"footer\">\r\n       	</div>\r\n    \r\n</div>\r\n\r\n</body>\r\n</html>','2011-05-13 16:50:55','2011-06-06 17:04:33',3,'content',NULL,NULL,NULL,NULL),(61,69,'<!--\r\n***INSTRUCTIONS***\r\nTo Change Background: \r\n	Find this line: \"background-image:url(ContentBackground001.jpg);\"\r\n	Replace \"contentbackground001.jpg\" with your file name. Do not include a path. \r\nAdd Image Content:\r\n	In the body section find this line: <div align=\"center\"><img width=\"242\" height=\"144\" src=\"ContentImage.jpg\">\r\n	Replace \"ContentImage.jpg\" with your own image file. Do not include a path. \r\nAdd Text Content:\r\n	In the body section find instances of \"Place Text Here\". Replace with your own text. \r\n -->\r\n\r\n<html xmlns=\"http://www.w3.org/1999/xhtml\" xml:lang=\"en\" lang=\"en\">\r\n<head>\r\n<meta http-equiv=\"content-type\" content=\"text/html; charset=utf-8\" />\r\n\r\n<style type=\"text/css\">\r\n/* <![CDATA[ */\r\n\r\n	.style01 {\r\n		color: #FFFFFF;\r\n		font-family: Arial, Helvetica, sans-serif;\r\n		font-size: 16px;\r\n		}\r\n	\r\n	body {\r\n		margin:0; padding:0;\r\n		font-size:16;\r\n		font-family: sans-serif;\r\n		}\r\n\r\n	#container {\r\n/* Replace \"ContentBackground001.jpg\" with your own background image. */\r\n		background-image:url(ContentBackground001.png);\r\n	    width:320px;\r\n		height:350px;\r\n		padding:0;\r\n		border:0;\r\n		overflow:hidden;\r\n		}\r\n			\r\n  	#header {\r\n	    width:320px;\r\n		height:1px;\r\n		padding:0;\r\n		border:0;\r\n		overflow:hidden;\r\n		}\r\n\r\n  	#footer {\r\n		width:320px;\r\n		height:30px;\r\n		padding:0;\r\n		}\r\n\r\n	#text {\r\n		width:244px;\r\n		height:130px;\r\n		padding:0;\r\n		overflow: hidden;\r\n		margin: 10px 38px 10px 38px\r\n		}\r\n\r\n	#content01 {\r\n		width: 320px;\r\n		height: 180px; \r\n		padding: 0;\r\n		overflow: hidden;\r\n	 	}\r\n		\r\n	#content02 {\r\n		width: 320px;\r\n		height: 138px; \r\n		padding: 0;\r\n		overflow: hidden;\r\n	 	}\r\n		\r\n	#divider {\r\n		width: 320px;\r\n		height: 14px; \r\n		padding: 0;\r\n	 	}\r\n		\r\n/* ]]> */\r\n</style>\r\n\r\n</head>\r\n<body>\r\n	\r\n<div id=\"container\">\r\n\r\n<div id=\"header\">\r\n   	</div>\r\n<div id=\"content01\">\r\n<!--Replace \"ContentImage.jpg\" here with your own image. -->\r\n	<div align=\"center\"><img width=\"320\" height=\"180\" src=\"M01_SidekickKeys.png\">\r\n    </div>\r\n</div>\r\n<div id=\"divider\">\r\n</div>\r\n<div id=\"content02\">\r\n	<div id=\"text\" class=\"style01\">\r\n<!--Replace \"Place Text Here\" with your own text. -->\r\n  		<p><b>Sidekick:</b></p>\r\n        <p>You found <b><i>twenty-five</i></b> keys total! </p>\r\n     \r\n  	</div>\r\n    </div>\r\n\r\n  	<div id=\"footer\">\r\n       	</div>\r\n    \r\n</div>\r\n\r\n</body>\r\n</html>','2011-05-13 16:55:19','2011-06-03 20:40:14',6,'content',NULL,NULL,NULL,NULL),(62,69,'<!--\r\n***INSTRUCTIONS***\r\nTo Change Background: \r\n	Find this line: \"background-image:url(ContentBackground001.jpg);\"\r\n	Replace \"contentbackground001.jpg\" with your file name. Do not include a path. \r\nAdd Image Content:\r\n	In the body section find this line: <div align=\"center\"><img width=\"242\" height=\"144\" src=\"ContentImage.jpg\">\r\n	Replace \"ContentImage.jpg\" with your own image file. Do not include a path. \r\nAdd Text Content:\r\n	In the body section find instances of \"Place Text Here\". Replace with your own text. \r\n -->\r\n\r\n<html xmlns=\"http://www.w3.org/1999/xhtml\" xml:lang=\"en\" lang=\"en\">\r\n<head>\r\n<meta http-equiv=\"content-type\" content=\"text/html; charset=utf-8\" />\r\n\r\n<style type=\"text/css\">\r\n/* <![CDATA[ */\r\n\r\n	.style01 {\r\n		color: #FFFFFF;\r\n		font-family: Arial, Helvetica, sans-serif;\r\n		font-size: 16px;\r\n		}\r\n	\r\n	body {\r\n		margin:0; padding:0;\r\n		font-size:16;\r\n		font-family: sans-serif;\r\n		}\r\n\r\n	#container {\r\n/* Replace \"ContentBackground001.jpg\" with your own background image. */\r\n		background-image:url(ContentBackground001.png);\r\n	    width:320px;\r\n		height:350px;\r\n		padding:0;\r\n		border:0;\r\n		overflow:hidden;\r\n		}\r\n			\r\n  	#header {\r\n	    width:320px;\r\n		height:1px;\r\n		padding:0;\r\n		border:0;\r\n		overflow:hidden;\r\n		}\r\n\r\n  	#footer {\r\n		width:320px;\r\n		height:30px;\r\n		padding:0;\r\n		}\r\n\r\n	#text {\r\n		width:244px;\r\n		height:130px;\r\n		padding:0;\r\n		overflow: hidden;\r\n		margin: 10px 38px 10px 38px\r\n		}\r\n\r\n	#content01 {\r\n		width: 320px;\r\n		height: 180px; \r\n		padding: 0;\r\n		overflow: hidden;\r\n	 	}\r\n		\r\n	#content02 {\r\n		width: 320px;\r\n		height: 138px; \r\n		padding: 0;\r\n		overflow: hidden;\r\n	 	}\r\n		\r\n	#divider {\r\n		width: 320px;\r\n		height: 14px; \r\n		padding: 0;\r\n	 	}\r\n		\r\n/* ]]> */\r\n</style>\r\n\r\n</head>\r\n<body>\r\n	\r\n<div id=\"container\">\r\n\r\n<div id=\"header\">\r\n   	</div>\r\n<div id=\"content01\">\r\n<!--Replace \"ContentImage.jpg\" here with your own image. -->\r\n	<div align=\"center\"><img width=\"320\" height=\"180\" src=\"M01_Pin08_003.png\">\r\n    </div>\r\n</div>\r\n<div id=\"divider\">\r\n</div>\r\n<div id=\"content02\">\r\n	<div id=\"text\" class=\"style01\">\r\n<!--Replace \"Place Text Here\" with your own text. -->\r\n  		<p><b>Sidekick:</b></p>\r\n        <p>Use the <i>keys</i> to open the two doors!</p>\r\n     \r\n  	</div>\r\n    </div>\r\n\r\n  	<div id=\"footer\">\r\n       	</div>\r\n    \r\n</div>\r\n\r\n</body>\r\n</html>','2011-05-13 16:55:19','2011-06-03 20:40:14',8,'content',NULL,NULL,NULL,NULL),(63,71,'<!--\r\n***INSTRUCTIONS***\r\nTo Change Background: \r\n	Find this line: \"background-image:url(ContentBackground001.jpg);\"\r\n	Replace \"contentbackground001.jpg\" with your file name. Do not include a path. \r\nAdd Image Content:\r\n	In the body section find this line: <div align=\"center\"><img width=\"242\" height=\"144\" src=\"ContentImage.jpg\">\r\n	Replace \"ContentImage.jpg\" with your own image file. Do not include a path. \r\nAdd Text Content:\r\n	In the body section find instances of \"Place Text Here\". Replace with your own text. \r\n -->\r\n\r\n<html xmlns=\"http://www.w3.org/1999/xhtml\" xml:lang=\"en\" lang=\"en\">\r\n<head>\r\n<meta http-equiv=\"content-type\" content=\"text/html; charset=utf-8\" />\r\n\r\n<style type=\"text/css\">\r\n/* <![CDATA[ */\r\n\r\n	.style01 {\r\n		color: #FFFFFF;\r\n		font-family: Arial, Helvetica, sans-serif;\r\n		font-size: 16px;\r\n		}\r\n	\r\n	body {\r\n		margin:0; padding:0;\r\n		font-size:16;\r\n		font-family: sans-serif;\r\n		}\r\n\r\n	#container {\r\n/* Replace \"ContentBackground001.jpg\" with your own background image. */\r\n		background-image:url(ContentBackground001.png);\r\n	    width:320px;\r\n		height:350px;\r\n		padding:0;\r\n		border:0;\r\n		overflow:hidden;\r\n		}\r\n			\r\n  	#header {\r\n	    width:320px;\r\n		height:1px;\r\n		padding:0;\r\n		border:0;\r\n		overflow:hidden;\r\n		}\r\n\r\n  	#footer {\r\n		width:320px;\r\n		height:30px;\r\n		padding:0;\r\n		}\r\n\r\n	#text {\r\n		width:244px;\r\n		height:130px;\r\n		padding:0;\r\n		overflow: hidden;\r\n		margin: 10px 38px 10px 38px\r\n		}\r\n\r\n	#content01 {\r\n		width: 320px;\r\n		height: 180px; \r\n		padding: 0;\r\n		overflow: hidden;\r\n	 	}\r\n		\r\n	#content02 {\r\n		width: 320px;\r\n		height: 138px; \r\n		padding: 0;\r\n		overflow: hidden;\r\n	 	}\r\n		\r\n	#divider {\r\n		width: 320px;\r\n		height: 14px; \r\n		padding: 0;\r\n	 	}\r\n		\r\n/* ]]> */\r\n</style>\r\n\r\n</head>\r\n<body>\r\n	\r\n<div id=\"container\">\r\n\r\n<div id=\"header\">\r\n   	</div>\r\n<div id=\"content01\">\r\n<!--Replace \"ContentImage.jpg\" here with your own image. -->\r\n	<div align=\"center\"><img width=\"320\" height=\"180\" src=\"M01_Concle003.png\">\r\n    </div>\r\n</div>\r\n<div id=\"divider\">\r\n</div>\r\n<div id=\"content02\">\r\n	<div id=\"text\" class=\"style01\">\r\n<!--Replace \"Place Text Here\" with your own text. -->\r\n  		<p><b>Sidekick:</b></p>\r\n        <p>A hole in the floor! Let\'s set a trap!</p>\r\n     \r\n  	</div>\r\n    </div>\r\n\r\n  	<div id=\"footer\">\r\n       	</div>\r\n    \r\n</div>\r\n\r\n</body>\r\n</html>','2011-05-13 17:03:15','2011-06-07 00:29:13',14,'content',NULL,NULL,NULL,NULL),(64,71,'<!--\r\n***INSTRUCTIONS***\r\nTo Change Background: \r\n	Find this line: \"background-image:url(ContentBackground001.jpg);\"\r\n	Replace \"contentbackground001.jpg\" with your file name. Do not include a path. \r\nAdd Image Content:\r\n	In the body section find this line: <div align=\"center\"><img width=\"242\" height=\"144\" src=\"ContentImage.jpg\">\r\n	Replace \"ContentImage.jpg\" with your own image file. Do not include a path. \r\nAdd Text Content:\r\n	In the body section find instances of \"Place Text Here\". Replace with your own text. \r\n -->\r\n\r\n<html xmlns=\"http://www.w3.org/1999/xhtml\" xml:lang=\"en\" lang=\"en\">\r\n<head>\r\n<meta http-equiv=\"content-type\" content=\"text/html; charset=utf-8\" />\r\n\r\n<style type=\"text/css\">\r\n/* <![CDATA[ */\r\n\r\n	.style01 {\r\n		color: #FFFFFF;\r\n		font-family: Arial, Helvetica, sans-serif;\r\n		font-size: 16px;\r\n		}\r\n	\r\n	body {\r\n		margin:0; padding:0;\r\n		font-size:16;\r\n		font-family: sans-serif;\r\n		}\r\n\r\n	#container {\r\n/* Replace \"ContentBackground001.jpg\" with your own background image. */\r\n		background-image:url(ContentBackground001.png);\r\n	    width:320px;\r\n		height:350px;\r\n		padding:0;\r\n		border:0;\r\n		overflow:hidden;\r\n		}\r\n			\r\n  	#header {\r\n	    width:320px;\r\n		height:1px;\r\n		padding:0;\r\n		border:0;\r\n		overflow:hidden;\r\n		}\r\n\r\n  	#footer {\r\n		width:320px;\r\n		height:30px;\r\n		padding:0;\r\n		}\r\n\r\n	#text {\r\n		width:244px;\r\n		height:130px;\r\n		padding:0;\r\n		overflow: hidden;\r\n		margin: 10px 38px 10px 38px\r\n		}\r\n\r\n	#content01 {\r\n		width: 320px;\r\n		height: 180px; \r\n		padding: 0;\r\n		overflow: hidden;\r\n	 	}\r\n		\r\n	#content02 {\r\n		width: 320px;\r\n		height: 138px; \r\n		padding: 0;\r\n		overflow: hidden;\r\n	 	}\r\n		\r\n	#divider {\r\n		width: 320px;\r\n		height: 14px; \r\n		padding: 0;\r\n	 	}\r\n		\r\n/* ]]> */\r\n</style>\r\n\r\n</head>\r\n<body>\r\n	\r\n<div id=\"container\">\r\n\r\n<div id=\"header\">\r\n   	</div>\r\n<div id=\"content01\">\r\n<!--Replace \"ContentImage.jpg\" here with your own image. -->\r\n	<div align=\"center\"><img width=\"320\" height=\"180\" src=\"M01_Concle004.png\">\r\n    </div>\r\n</div>\r\n<div id=\"divider\">\r\n</div>\r\n<div id=\"content02\">\r\n	<div id=\"text\" class=\"style01\">\r\n<!--Replace \"Place Text Here\" with your own text. -->\r\n  		<p><b>Sidekick:</b></p>\r\n        <p>Now we need to get over the hole!</p>\r\n     \r\n  	</div>\r\n    </div>\r\n\r\n  	<div id=\"footer\">\r\n       	</div>\r\n    \r\n</div>\r\n\r\n</body>\r\n</html>','2011-05-13 17:03:15','2011-06-07 00:29:13',15,'content',NULL,NULL,NULL,NULL),(65,71,'<!--\r\n***INSTRUCTIONS***\r\nTo Change Background: \r\n	Find this line: \"background-image:url(ContentBackground001.jpg);\"\r\n	Replace \"contentbackground001.jpg\" with your file name. Do not include a path. \r\nAdd Image Content:\r\n	In the body section find this line: <div align=\"center\"><img width=\"242\" height=\"144\" src=\"ContentImage.jpg\">\r\n	Replace \"ContentImage.jpg\" with your own image file. Do not include a path. \r\nAdd Text Content:\r\n	In the body section find instances of \"Place Text Here\". Replace with your own text. \r\n -->\r\n\r\n<html xmlns=\"http://www.w3.org/1999/xhtml\" xml:lang=\"en\" lang=\"en\">\r\n<head>\r\n<meta http-equiv=\"content-type\" content=\"text/html; charset=utf-8\" />\r\n\r\n<style type=\"text/css\">\r\n/* <![CDATA[ */\r\n\r\n	.style01 {\r\n		color: #FFFFFF;\r\n		font-family: Arial, Helvetica, sans-serif;\r\n		font-size: 16px;\r\n		}\r\n	\r\n	body {\r\n		margin:0; padding:0;\r\n		font-size:16;\r\n		font-family: sans-serif;\r\n		}\r\n\r\n	#container {\r\n/* Replace \"ContentBackground001.jpg\" with your own background image. */\r\n		background-image:url(ContentBackground001.png);\r\n	    width:320px;\r\n		height:350px;\r\n		padding:0;\r\n		border:0;\r\n		overflow:hidden;\r\n		}\r\n			\r\n  	#header {\r\n	    width:320px;\r\n		height:1px;\r\n		padding:0;\r\n		border:0;\r\n		overflow:hidden;\r\n		}\r\n\r\n  	#footer {\r\n		width:320px;\r\n		height:30px;\r\n		padding:0;\r\n		}\r\n\r\n	#text {\r\n		width:244px;\r\n		height:130px;\r\n		padding:0;\r\n		overflow: hidden;\r\n		margin: 10px 38px 10px 38px\r\n		}\r\n\r\n	#content01 {\r\n		width: 320px;\r\n		height: 180px; \r\n		padding: 0;\r\n		overflow: hidden;\r\n	 	}\r\n		\r\n	#content02 {\r\n		width: 320px;\r\n		height: 138px; \r\n		padding: 0;\r\n		overflow: hidden;\r\n	 	}\r\n		\r\n	#divider {\r\n		width: 320px;\r\n		height: 14px; \r\n		padding: 0;\r\n	 	}\r\n		\r\n/* ]]> */\r\n</style>\r\n\r\n</head>\r\n<body>\r\n	\r\n<div id=\"container\">\r\n\r\n<div id=\"header\">\r\n   	</div>\r\n<div id=\"content01\">\r\n<!--Replace \"ContentImage.jpg\" here with your own image. -->\r\n	<div align=\"center\"><img width=\"320\" height=\"180\" src=\"M01_Concle005.png\">\r\n    </div>\r\n</div>\r\n<div id=\"divider\">\r\n</div>\r\n<div id=\"content02\">\r\n	<div id=\"text\" class=\"style01\">\r\n<!--Replace \"Place Text Here\" with your own text. -->\r\n  		<p><b>Sidekick:</b></p>\r\n        <p>Great idea!! Over we go!</p>\r\n     \r\n  	</div>\r\n    </div>\r\n\r\n  	<div id=\"footer\">\r\n       	</div>\r\n    \r\n</div>\r\n\r\n</body>\r\n</html>','2011-05-13 17:03:15','2011-06-07 00:29:13',16,'content',NULL,NULL,NULL,NULL),(66,71,'<!--\r\n***INSTRUCTIONS***\r\nTo Change Background: \r\n	Find this line: \"background-image:url(ContentBackground001.jpg);\"\r\n	Replace \"contentbackground001.jpg\" with your file name. Do not include a path. \r\nAdd Image Content:\r\n	In the body section find this line: <div align=\"center\"><img width=\"242\" height=\"144\" src=\"ContentImage.jpg\">\r\n	Replace \"ContentImage.jpg\" with your own image file. Do not include a path. \r\nAdd Text Content:\r\n	In the body section find instances of \"Place Text Here\". Replace with your own text. \r\n -->\r\n\r\n<html xmlns=\"http://www.w3.org/1999/xhtml\" xml:lang=\"en\" lang=\"en\">\r\n<head>\r\n<meta http-equiv=\"content-type\" content=\"text/html; charset=utf-8\" />\r\n\r\n<style type=\"text/css\">\r\n/* <![CDATA[ */\r\n\r\n	.style01 {\r\n		color: #FFFFFF;\r\n		font-family: Arial, Helvetica, sans-serif;\r\n		font-size: 16px;\r\n		}\r\n	\r\n	body {\r\n		margin:0; padding:0;\r\n		font-size:16;\r\n		font-family: sans-serif;\r\n		}\r\n\r\n	#container {\r\n/* Replace \"ContentBackground001.jpg\" with your own background image. */\r\n		background-image:url(ContentBackground001.png);\r\n	    width:320px;\r\n		height:350px;\r\n		padding:0;\r\n		border:0;\r\n		overflow:hidden;\r\n		}\r\n			\r\n  	#header {\r\n	    width:320px;\r\n		height:1px;\r\n		padding:0;\r\n		border:0;\r\n		overflow:hidden;\r\n		}\r\n\r\n  	#footer {\r\n		width:320px;\r\n		height:30px;\r\n		padding:0;\r\n		}\r\n\r\n	#text {\r\n		width:244px;\r\n		height:130px;\r\n		padding:0;\r\n		overflow: hidden;\r\n		margin: 10px 38px 10px 38px\r\n		}\r\n\r\n	#content01 {\r\n		width: 320px;\r\n		height: 180px; \r\n		padding: 0;\r\n		overflow: hidden;\r\n	 	}\r\n		\r\n	#content02 {\r\n		width: 320px;\r\n		height: 138px; \r\n		padding: 0;\r\n		overflow: hidden;\r\n	 	}\r\n		\r\n	#divider {\r\n		width: 320px;\r\n		height: 14px; \r\n		padding: 0;\r\n	 	}\r\n		\r\n/* ]]> */\r\n</style>\r\n\r\n</head>\r\n<body>\r\n	\r\n<div id=\"container\">\r\n\r\n<div id=\"header\">\r\n   	</div>\r\n<div id=\"content01\">\r\n<!--Replace \"ContentImage.jpg\" here with your own image. -->\r\n	<div align=\"center\"><img width=\"320\" height=\"180\" src=\"M01_Concle006.png\">\r\n    </div>\r\n</div>\r\n<div id=\"divider\">\r\n</div>\r\n<div id=\"content02\">\r\n	<div id=\"text\" class=\"style01\">\r\n<!--Replace \"Place Text Here\" with your own text. -->\r\n  		<p><b>Sidekick:</b></p>\r\n        <p>The <font color=\"red\"><i><b>monster</b></i></font> fell in!</p>\r\n     \r\n  	</div>\r\n    </div>\r\n\r\n  	<div id=\"footer\">\r\n       	</div>\r\n    \r\n</div>\r\n\r\n</body>\r\n</html>','2011-05-13 17:03:15','2011-06-07 00:29:13',17,'content',NULL,NULL,NULL,NULL),(67,71,'<!--\r\n***INSTRUCTIONS***\r\nTo Change Background: \r\n	Find this line: \"background-image:url(ContentBackground001.jpg);\"\r\n	Replace \"contentbackground001.jpg\" with your file name. Do not include a path. \r\nAdd Image Content:\r\n	In the body section find this line: <div align=\"center\"><img width=\"242\" height=\"144\" src=\"ContentImage.jpg\">\r\n	Replace \"ContentImage.jpg\" with your own image file. Do not include a path. \r\nAdd Text Content:\r\n	In the body section find instances of \"Place Text Here\". Replace with your own text. \r\n -->\r\n\r\n<html xmlns=\"http://www.w3.org/1999/xhtml\" xml:lang=\"en\" lang=\"en\">\r\n<head>\r\n<meta http-equiv=\"content-type\" content=\"text/html; charset=utf-8\" />\r\n\r\n<style type=\"text/css\">\r\n/* <![CDATA[ */\r\n\r\n	.style01 {\r\n		color: #FFFFFF;\r\n		font-family: Arial, Helvetica, sans-serif;\r\n		font-size: 16px;\r\n		}\r\n	\r\n	body {\r\n		margin:0; padding:0;\r\n		font-size:16;\r\n		font-family: sans-serif;\r\n		}\r\n\r\n	#container {\r\n/* Replace \"ContentBackground001.jpg\" with your own background image. */\r\n		background-image:url(ContentBackground001.png);\r\n	    width:320px;\r\n		height:350px;\r\n		padding:0;\r\n		border:0;\r\n		overflow:hidden;\r\n		}\r\n			\r\n  	#header {\r\n	    width:320px;\r\n		height:1px;\r\n		padding:0;\r\n		border:0;\r\n		overflow:hidden;\r\n		}\r\n\r\n  	#footer {\r\n		width:320px;\r\n		height:30px;\r\n		padding:0;\r\n		}\r\n\r\n	#text {\r\n		width:244px;\r\n		height:130px;\r\n		padding:0;\r\n		overflow: hidden;\r\n		margin: 10px 38px 10px 38px\r\n		}\r\n\r\n	#content01 {\r\n		width: 320px;\r\n		height: 180px; \r\n		padding: 0;\r\n		overflow: hidden;\r\n	 	}\r\n		\r\n	#content02 {\r\n		width: 320px;\r\n		height: 138px; \r\n		padding: 0;\r\n		overflow: hidden;\r\n	 	}\r\n		\r\n	#divider {\r\n		width: 320px;\r\n		height: 14px; \r\n		padding: 0;\r\n	 	}\r\n		\r\n/* ]]> */\r\n</style>\r\n\r\n</head>\r\n<body>\r\n	\r\n<div id=\"container\">\r\n\r\n<div id=\"header\">\r\n   	</div>\r\n<div id=\"content01\">\r\n<!--Replace \"ContentImage.jpg\" here with your own image. -->\r\n	<div align=\"center\"><img width=\"320\" height=\"180\" src=\"M01_Concle007.png\">\r\n    </div>\r\n</div>\r\n<div id=\"divider\">\r\n</div>\r\n<div id=\"content02\">\r\n	<div id=\"text\" class=\"style01\">\r\n<!--Replace \"Place Text Here\" with your own text. -->\r\n  		<p><b>Sidekick:</b></p>\r\n        <p>And we got the <font color=\"yellow\"><i><b>Logic Machine!!</b></i></font></p>\r\n     \r\n  	</div>\r\n    </div>\r\n\r\n  	<div id=\"footer\">\r\n       	</div>\r\n    \r\n</div>\r\n\r\n</body>\r\n</html>','2011-05-13 17:03:15','2011-06-07 00:29:13',18,'content',NULL,NULL,NULL,NULL),(69,66,'<!--\r\n***INSTRUCTIONS***\r\nTo Change Background: \r\n	Find this line: \"background-image:url(ContentBackground001.jpg);\"\r\n	Replace \"contentbackground001.jpg\" with your file name. Do not include a path. \r\nAdd Image Content:\r\n	In the body section find this line: <div align=\"center\"><img width=\"242\" height=\"144\" src=\"ContentImage.jpg\">\r\n	Replace \"ContentImage.jpg\" with your own image file. Do not include a path. \r\nAdd Text Content:\r\n	In the body section find instances of \"Place Text Here\". Replace with your own text. \r\n -->\r\n\r\n<html xmlns=\"http://www.w3.org/1999/xhtml\" xml:lang=\"en\" lang=\"en\">\r\n<head>\r\n<meta http-equiv=\"content-type\" content=\"text/html; charset=utf-8\" />\r\n\r\n<style type=\"text/css\">\r\n/* <![CDATA[ */\r\n\r\n	.style01 {\r\n		color: #FFFFFF;\r\n		font-family: Arial, Helvetica, sans-serif;\r\n		font-size: 16px;\r\n		}\r\n	\r\n	body {\r\n		margin:0; padding:0;\r\n		font-size:16;\r\n		font-family: sans-serif;\r\n		}\r\n\r\n	#container {\r\n/* Replace \"ContentBackground001.jpg\" with your own background image. */\r\n		background-image:url(ContentBackground001.png);\r\n	    width:320px;\r\n		height:350px;\r\n		padding:0;\r\n		border:0;\r\n		overflow:hidden;\r\n		}\r\n			\r\n  	#header {\r\n	    width:320px;\r\n		height:1px;\r\n		padding:0;\r\n		border:0;\r\n		overflow:hidden;\r\n		}\r\n\r\n  	#footer {\r\n		width:320px;\r\n		height:30px;\r\n		padding:0;\r\n		}\r\n\r\n	#text {\r\n		width:244px;\r\n		height:130px;\r\n		padding:0;\r\n		overflow: hidden;\r\n		margin: 10px 38px 10px 38px\r\n		}\r\n\r\n	#content01 {\r\n		width: 320px;\r\n		height: 180px; \r\n		padding: 0;\r\n		overflow: hidden;\r\n	 	}\r\n		\r\n	#content02 {\r\n		width: 320px;\r\n		height: 138px; \r\n		padding: 0;\r\n		overflow: hidden;\r\n	 	}\r\n		\r\n	#divider {\r\n		width: 320px;\r\n		height: 14px; \r\n		padding: 0;\r\n	 	}\r\n		\r\n/* ]]> */\r\n</style>\r\n\r\n</head>\r\n<body>\r\n	\r\n<div id=\"container\">\r\n\r\n<div id=\"header\">\r\n   	</div>\r\n<div id=\"content01\">\r\n<!--Replace \"ContentImage.jpg\" here with your own image. -->\r\n	<div align=\"center\"><img width=\"320\" height=\"180\" src=\"M01_Pin05_002.png\">\r\n    </div>\r\n</div>\r\n<div id=\"divider\">\r\n</div>\r\n<div id=\"content02\">\r\n	<div id=\"text\" class=\"style01\">\r\n<!--Replace \"Place Text Here\" with your own text. -->\r\n  		<p><b>Sidekick:</b></p>\r\n        <p><font color=\"yellow\"><i><b>Great Job!</b></i></font> I\'ll cross first!</p>\r\n     \r\n  	</div>\r\n    </div>\r\n\r\n  	<div id=\"footer\">\r\n       	</div>\r\n    \r\n</div>\r\n\r\n</body>\r\n</html>','2011-06-03 19:55:01','2011-06-06 16:43:53',3,'content',NULL,NULL,NULL,NULL),(71,69,'You have 25 keys all together. The first door has 13 key holes. How many keys must be on the second door to use all of the keys your found?','2011-06-03 20:40:14','2011-06-07 20:34:29',10,'question',NULL,NULL,NULL,NULL),(72,69,'<!--\r\n***INSTRUCTIONS***\r\nTo Change Background: \r\n	Find this line: \"background-image:url(ContentBackground001.jpg);\"\r\n	Replace \"contentbackground001.jpg\" with your file name. Do not include a path. \r\nAdd Image Content:\r\n	In the body section find this line: <div align=\"center\"><img width=\"242\" height=\"144\" src=\"ContentImage.jpg\">\r\n	Replace \"ContentImage.jpg\" with your own image file. Do not include a path. \r\nAdd Text Content:\r\n	In the body section find instances of \"Place Text Here\". Replace with your own text. \r\n -->\r\n\r\n<html xmlns=\"http://www.w3.org/1999/xhtml\" xml:lang=\"en\" lang=\"en\">\r\n<head>\r\n<meta http-equiv=\"content-type\" content=\"text/html; charset=utf-8\" />\r\n\r\n<style type=\"text/css\">\r\n/* <![CDATA[ */\r\n\r\n	.style01 {\r\n		color: #FFFFFF;\r\n		font-family: Arial, Helvetica, sans-serif;\r\n		font-size: 16px;\r\n		}\r\n	\r\n	body {\r\n		margin:0; padding:0;\r\n		font-size:16;\r\n		font-family: sans-serif;\r\n		}\r\n\r\n	#container {\r\n/* Replace \"ContentBackground001.jpg\" with your own background image. */\r\n		background-image:url(ContentBackground001.png);\r\n	    width:320px;\r\n		height:350px;\r\n		padding:0;\r\n		border:0;\r\n		overflow:hidden;\r\n		}\r\n			\r\n  	#header {\r\n	    width:320px;\r\n		height:1px;\r\n		padding:0;\r\n		border:0;\r\n		overflow:hidden;\r\n		}\r\n\r\n  	#footer {\r\n		width:320px;\r\n		height:30px;\r\n		padding:0;\r\n		}\r\n\r\n	#text {\r\n		width:244px;\r\n		height:130px;\r\n		padding:0;\r\n		overflow: hidden;\r\n		margin: 10px 38px 10px 38px\r\n		}\r\n\r\n	#content01 {\r\n		width: 320px;\r\n		height: 180px; \r\n		padding: 0;\r\n		overflow: hidden;\r\n	 	}\r\n		\r\n	#content02 {\r\n		width: 320px;\r\n		height: 138px; \r\n		padding: 0;\r\n		overflow: hidden;\r\n	 	}\r\n		\r\n	#divider {\r\n		width: 320px;\r\n		height: 14px; \r\n		padding: 0;\r\n	 	}\r\n		\r\n/* ]]> */\r\n</style>\r\n\r\n</head>\r\n<body>\r\n	\r\n<div id=\"container\">\r\n\r\n<div id=\"header\">\r\n   	</div>\r\n<div id=\"content01\">\r\n<!--Replace \"ContentImage.jpg\" here with your own image. -->\r\n	<div align=\"center\"><img width=\"320\" height=\"180\" src=\"M01_Pin08_004.png\">\r\n    </div>\r\n</div>\r\n<div id=\"divider\">\r\n</div>\r\n<div id=\"content02\">\r\n	<div id=\"text\" class=\"style01\">\r\n<!--Replace \"Place Text Here\" with your own text. -->\r\n  		<p><b>Sidekick:</b></p>\r\n        <p><i>Great!!</i> Now we can find the <font color=\"yellow\"><i>Logic Machine</i></font> in the fortress!</p>\r\n     \r\n  	</div>\r\n    </div>\r\n\r\n  	<div id=\"footer\">\r\n       	</div>\r\n    \r\n</div>\r\n\r\n</body>\r\n</html>','2011-06-06 17:31:52','2011-06-06 17:31:52',11,'content',NULL,NULL,NULL,NULL),(73,71,'<!--\r\n***INSTRUCTIONS***\r\nTo Change Background: \r\n	Find this line: \"background-image:url(ContentBackground001.jpg);\"\r\n	Replace \"contentbackground001.jpg\" with your file name. Do not include a path. \r\nAdd Image Content:\r\n	In the body section find this line: <div align=\"center\"><img width=\"242\" height=\"144\" src=\"ContentImage.jpg\">\r\n	Replace \"ContentImage.jpg\" with your own image file. Do not include a path. \r\nAdd Text Content:\r\n	In the body section find instances of \"Place Text Here\". Replace with your own text. \r\n -->\r\n\r\n<html xmlns=\"http://www.w3.org/1999/xhtml\" xml:lang=\"en\" lang=\"en\">\r\n<head>\r\n<meta http-equiv=\"content-type\" content=\"text/html; charset=utf-8\" />\r\n\r\n<style type=\"text/css\">\r\n/* <![CDATA[ */\r\n\r\n	.style01 {\r\n		color: #FFFFFF;\r\n		font-family: Arial, Helvetica, sans-serif;\r\n		font-size: 16px;\r\n		}\r\n	\r\n	body {\r\n		margin:0; padding:0;\r\n		font-size:16;\r\n		font-family: sans-serif;\r\n		}\r\n\r\n	#container {\r\n/* Replace \"ContentBackground001.jpg\" with your own background image. */\r\n		background-image:url(ContentBackground001.png);\r\n	    width:320px;\r\n		height:350px;\r\n		padding:0;\r\n		border:0;\r\n		overflow:hidden;\r\n		}\r\n			\r\n  	#header {\r\n	    width:320px;\r\n		height:1px;\r\n		padding:0;\r\n		border:0;\r\n		overflow:hidden;\r\n		}\r\n\r\n  	#footer {\r\n		width:320px;\r\n		height:30px;\r\n		padding:0;\r\n		}\r\n\r\n	#text {\r\n		width:244px;\r\n		height:130px;\r\n		padding:0;\r\n		overflow: hidden;\r\n		margin: 10px 38px 10px 38px\r\n		}\r\n\r\n	#content01 {\r\n		width: 320px;\r\n		height: 180px; \r\n		padding: 0;\r\n		overflow: hidden;\r\n	 	}\r\n		\r\n	#content02 {\r\n		width: 320px;\r\n		height: 138px; \r\n		padding: 0;\r\n		overflow: hidden;\r\n	 	}\r\n		\r\n	#divider {\r\n		width: 320px;\r\n		height: 14px; \r\n		padding: 0;\r\n	 	}\r\n		\r\n/* ]]> */\r\n</style>\r\n\r\n</head>\r\n<body>\r\n	\r\n<div id=\"container\">\r\n\r\n<div id=\"header\">\r\n   	</div>\r\n<div id=\"content01\">\r\n<!--Replace \"ContentImage.jpg\" here with your own image. -->\r\n	<div align=\"center\"><img width=\"320\" height=\"180\" src=\"M01_Intro002.png\">\r\n    </div>\r\n</div>\r\n<div id=\"divider\">\r\n</div>\r\n<div id=\"content02\">\r\n	<div id=\"text\" class=\"style01\">\r\n<!--Replace \"Place Text Here\" with your own text. -->\r\n  		<p><b>Trainer:</b></p>\r\n        <p>Great job team! You are on your way to becoming an <font color=\"yellow\"><i><b>X-Fraction Hero!</b></i></font></p>\r\n     \r\n  	</div>\r\n    </div>\r\n\r\n  	<div id=\"footer\">\r\n       	</div>\r\n    \r\n</div>\r\n\r\n</body>\r\n</html>','2011-06-07 00:29:13','2011-06-07 00:29:13',19,'content',NULL,NULL,NULL,NULL);
/*!40000 ALTER TABLE `contents` ENABLE KEYS */;
UNLOCK TABLES;

--
-- Table structure for table `facts`
--

DROP TABLE IF EXISTS `facts`;
SET @saved_cs_client     = @@character_set_client;
SET character_set_client = utf8;
CREATE TABLE `facts` (
  `id` int(11) NOT NULL auto_increment,
  `content` text collate utf8_unicode_ci,
  `location` varchar(255) collate utf8_unicode_ci default NULL,
  `lat` decimal(15,10) default NULL,
  `lng` decimal(15,10) default NULL,
  `photo_file_name` varchar(255) collate utf8_unicode_ci default NULL,
  `photo_content_type` varchar(255) collate utf8_unicode_ci default NULL,
  `aasm_state` varchar(255) collate utf8_unicode_ci default NULL,
  `photo_file_size` int(11) default NULL,
  `created_at` datetime default NULL,
  `updated_at` datetime default NULL,
  `title` varchar(255) collate utf8_unicode_ci default NULL,
  `subtitle` varchar(255) collate utf8_unicode_ci default '',
  `factable_id` int(11) default '0',
  `factable_type` varchar(15) collate utf8_unicode_ci default '',
  `vertical_offset` int(11) default NULL,
  `horizontal_offset` int(11) default NULL,
  `position` int(11) default '0',
  PRIMARY KEY  (`id`),
  KEY `index_facts_on_lat_and_lng` (`lat`,`lng`)
) ENGINE=InnoDB AUTO_INCREMENT=72 DEFAULT CHARSET=utf8 COLLATE=utf8_unicode_ci;
SET character_set_client = @saved_cs_client;

--
-- Dumping data for table `facts`
--

LOCK TABLES `facts` WRITE;
/*!40000 ALTER TABLE `facts` DISABLE KEYS */;
INSERT INTO `facts` VALUES (1,'<div dir=\"ltr\">The quad is a little over 5 acres of grass at the south end of campus. It is called the quad because it is dissected by two sidewalks dividing the grass into four parts. Students use the quad to study, play sports, or hold activities. If you stand in the middle of the quad, Old main will be to the west, Animal Science will be to the North, Ray B. West building will be to the south, and the George Eccles Business Building will be to the east.</div>','41.740879 -111.812790','41.7408790000','-111.8127900000',NULL,NULL,'new',NULL,'2010-04-30 01:02:22','2010-04-30 01:02:22','The Quad','',1,'Project',NULL,NULL,0),(2,'<div dir=\"ltr\">Old Main is Utah State University&apos;s first building, and the oldest academic building still in use in the state of Utah. The cornerstone was laid on July 27, 1889. Today it houses USU&apos;s administration, as well as much of the Humanities and Social Sciences College. It is Utah State&apos;s most iconic building, with a large A atop a tower on the west side. The A is lit at nights, and if it shines blue, that means one of USU&apos;s sports team has picked up a victory.</div>','41.740753 -111.814095','41.7407530000','-111.8140950000',NULL,NULL,'new',NULL,'2010-04-30 01:02:22','2010-04-30 01:02:22','Old Main','',1,'Project',NULL,NULL,0),(3,'<div dir=\"ltr\">Today this building houses the public relations department of Utah State, but it&apos;s original purpose was an agricultural experiment station. Significant advances in dry-land farming were developed in this building. The building was built between April 1890 and August 1890 for a cost of $5,084.</div>','41.741329 -111.814705','41.7413290000','-111.8147050000',NULL,NULL,'new',NULL,'2010-04-30 01:02:22','2010-04-30 01:02:22','Agriculture Experiment Station','',1,'Project',NULL,NULL,0),(4,'<div dir=\"ltr\">Built in 1891, the David B. Haight Alumni Center was originally the &apos;model farm house&apos;, and served as the home to all university presidents until 1983. When another house was built off campus, the building was remodeled, expanded, and now is used as a reception center.</div>','41.741730 -111.814659','41.7417300000','-111.8146590000',NULL,NULL,'new',NULL,'2010-04-30 01:02:22','2010-04-30 01:02:22','Model Farm House','',1,'Project',NULL,NULL,0),(5,'<div dir=\"ltr\">Situated under a tree is a small platform supported by four letter As. Campus tradition states that anybody who receives a kiss on this platform from another true aggie at midnight under a full moon becomes a true aggie. A person can also become a true aggie by kissing somebody on the A on homecoming or A-day. </div>','41.741318 -111.813576','41.7413180000','-111.8135760000',NULL,NULL,'new',NULL,'2010-04-30 01:02:22','2010-04-30 01:02:22','A Block','',1,'Project',NULL,NULL,0),(6,'<div dir=\"ltr\">During World War I, the Utah Agricultural College needed barracks to train &quot;Fighting Mechanics&quot;.  The college president was able to convince the governor that brick barracks could be constructed during war time, and then repurposed later for college use. So in July 1918 work began on &quot;Mess Hall and Barracks No. 1&quot; at a cost of $40,000. After the war, the building was used by Civil Engineering, Irrigation and Drainage, Surveying, and Architecture. In the 1930s the building was named the Ray B. West building after the late Dean of the engineering department. Today, the Ray B. West building houses the English Department.</div>','41.740047 -111.812805','41.7400470000','-111.8128050000',NULL,NULL,'new',NULL,'2010-04-30 01:02:22','2010-04-30 01:02:22','Ray B. West Building','',1,'Project',NULL,NULL,0),(7,'The Family Life building is one of over 230 public works buildings constructed in Utah under New Deal programs during the Depression years of the 30\'s and 40\'s. Home Economics was a fundamental department since the college began, and the federal government provided $325,000 to help build the building. A terrace opens on the second floor and looks out over the southern part of Cache Valley. This building originally housed a cafeteria and recreation rooms, and was the center of campus until the student center was built in 1953. This building is one of the best examples in Utah of the Art Deco style.','41.740093 -111.812050','41.7400930000','-111.8120500000',NULL,NULL,'new',NULL,'2010-04-30 01:02:22','2010-04-30 01:02:22','Family Life Building','',1,'Project',NULL,NULL,0),(8,'The architects who designed the Utah State amphitheater pronounced that its location was one of the most attractive sites in America. The view from the amphitheater overlooks the beautiful Cache Valley with the steep Wellsville mountain in the background. The amphitheater was originally built in 1924, but was rebuilt in 1932. The Federal Emergency Relief Administration, along with some student employment, provided most of the labor. The amphitheater seats 1,500, and cost roughly $8,000 to construct. With the construction of highway 89, and the resulting noise, the amphitheater is rarely used.','41.739368 -111.814629','41.7393680000','-111.8146290000',NULL,NULL,'new',NULL,'2010-04-30 01:02:23','2010-04-30 01:02:23','Amphitheater','',1,'Project',NULL,NULL,0),(9,'The Barn in the middle of campus is called the art barn, though its original purpose is exactly what you would think a barn is for--to provide quarters for cattle and other livestock. The barn is one of the oldest structures on campus--built in 1896. But as the university grew, most of the agricultural facilities were moved to North Logan. When a fire destroyed the art department\'s main building, the barn was renovated and modernized to provide them more space. Today it is used as a virology facility for the Animal, Dairy, and Veterinary Sciences Department.','41.743916 -111.811684','41.7439160000','-111.8116840000',NULL,NULL,'new',NULL,'2010-04-30 01:02:23','2010-04-30 01:02:23','The Art Barn','',1,'Project',NULL,NULL,0),(10,'Today this building houses the Communicative Disorders Building, but originally this building was known as the Shop and Warehouse Building. It housed a carpenters shop, a vehicle maintenance shop, the campus motor pool, and headquartered the police department. The building was constructed in 1946, and renovated in 1986, when the Communicative Disorders and Deaf Education departments became the sole tenants. Inside are classrooms, offices, and soundproof rooms to perform hearing tests.','41.744240 -111.809608','41.7442400000','-111.8096080000',NULL,NULL,'new',NULL,'2010-04-30 01:02:23','2010-04-30 01:02:23','Ray L & Eloise H. Lillywhite Building','',1,'Project',NULL,NULL,0),(11,'<div dir=\"ltr\">Shortly after World War II, Utah State experienced an incredible growth in enrollments. The school of engineering and Technology was severely overcrowded. In 1947 a new building was needed, and the Utah State legislature appropriated $215,000 to build the Technology Building. The building is in an H shape, with both sides being large open shops, and classrooms and offices in the middle. The East side was built for the aeronautics department, and the west side housed the automotive department. When built, the facilities boasted the best of their kind in the Rocky Mountain region.</div>','41.743309 -111.808395','41.7433090000','-111.8083950000',NULL,NULL,'new',NULL,'2010-04-30 01:02:23','2010-04-30 01:02:23','Technology Building','',1,'Project',NULL,NULL,0),(12,'<div dir=\"ltr\">The Anthon H. Lund hall was built in 1938, but only after an uphill battle was fought. The Utah State Agricultural College had wanted to build dormitories to house its growing student body, but many members of cache valley rented out rooms and houses to students, and did not want to lose that income. During the Great Depression, federal funds provided money to build dormitories, and the university moved forward with their plans. The total cost of the building was $140,000. The building&apos;s wings are tilted so that each of the rooms would get sun in the morning and afternoon. It housed 100 girls in 50 rooms, and charged $7 per student. Today, Lund Hall is home to the department of Mathematics and Statistics.</div>','41.740746 -111.809570','41.7407460000','-111.8095700000',NULL,NULL,'new',NULL,'2010-04-30 01:02:23','2010-04-30 01:02:23','Anthon H. Lund Hall','',1,'Project',NULL,NULL,0),(13,'<div dir=\"ltr\">Quonset huts are lightweight prefabricated buildings made out of corrugated steel.  These buildings could shipped anywhere and assembled without skilled labor. The Church of Jesus Christ built one of these structures on the campus of USU to use as a meeting house. Today the building is used to broadcast the KUSU public radio station and to facilitate interactive classes via satellite to USU Extension sites throughout Utah and neighboring states.</div>','41.745171 -111.804802','41.7451710000','-111.8048020000',NULL,NULL,'new',NULL,'2010-04-30 01:02:23','2010-04-30 01:02:23','Multimedia & Distance Learning Services','',1,'Project',NULL,NULL,0),(14,'<div dir=\"ltr\">No trip to Utah State University is complete without buying some world famous Aggie Ice Cream. The dairy program has been around from the beginning of the college. Originally there was a creamery in old main in the late 1800s. In 1921, Gustav Wilster joined the faculty of Utah State. Prof. Wilster is credited with the creation of not only Aggie Ice Cream, but the birth of the Utah ice cream industry as well. His students went on to found Caspers Ice Cream, Farrs Ice Cream, and Snelgroves Ice Cream. During the 1920s, Aggie Ice Cream was made and sold through a store in the Animal Science building on the Quad. Then in 1975 a new dairy process facility and ice cream parlor was built on the east side of campus. </div>','41.745152 -111.803848','41.7451520000','-111.8038480000',NULL,NULL,'new',NULL,'2010-04-30 01:02:23','2010-04-30 01:02:23','Nutrition and Food Science','',1,'Project',NULL,NULL,0),(15,'<div dir=\"ltr\">The Taggart Student Center is the community center for students, faculty, staff, alumni, and administration. It serves as a living room for students who are away from home. There is a food court on the lower level, a buffet on the second floor, and a restaurant on the top floor. </div>','41.742786 -111.813065','41.7427860000','-111.8130650000',NULL,NULL,'new',NULL,'2010-04-30 01:02:23','2010-04-30 01:02:23','Taggart Student Center','',1,'Project',NULL,NULL,0),(16,'<div dir=\"ltr\">The Geology Building was originally called the Plant Industry Building. It is a four-story brick building built in 1918. Like the Ray B. West building, this building was built to house soldiers being trained during World War I. Although the federal government was erecting wood buildings, the university president proposed the buildings be made of brick so the college could use them after the war. In 1918 construction on &apos;Barracks No. 2&apos; was begun. The cost of the building was $40,000. Before the building was complete, the war ended. Work continued and finished in 1919. Initially the departments of Agronomy and Botany were housed in the building. In 1937 Bacteriology and Biochemistry were added. Today it serves as the home of the Geology Department.</div>','41.741737 -111.811829','41.7417370000','-111.8118290000',NULL,NULL,'new',NULL,'2010-04-30 01:02:23','2010-04-30 01:02:23','Geology Building','',1,'Project',NULL,NULL,0),(17,'<div dir=\"ltr\">As the college grew, more space was needed. In 1917 work began on the Animal Husbandry Building. When it was complete, it housed a dairy that was said to be one of the most modern and well equipped facilities of its kind in the entire West. The dairy had rooms for making butter, cheese, cottage cheese, and ice cream.</div>','41.741730 -111.812805','41.7417300000','-111.8128050000',NULL,NULL,'new',NULL,'2010-04-30 01:02:23','2010-04-30 01:02:23','Animal Science','',1,'Project',NULL,NULL,0),(18,'<div dir=\"ltr\">E. L. Romney had an idea to build a field house where Utah Agriculture College students could practice their sports sheltered from the harsh Cache Valley Winters. He presented the idea to President F. P. Champ who pushed the idea until it became a reality in 1939. The College collaborated with the University of Utah and built identical field houses. The idea was that they would hire one architect and split the cost. The eventual cost was $160,000. The Field house became the new location for the Aggie basketball games seating about 5,600 students. The field house was also used for R.O.T.C drills, agricultural exhibits, and supplemental housing during the 1946-47 school year. The building is used today by students, faculty, and citizens of the community to enjoy year round physical activities. </div>','41.744297 -111.813591','41.7442970000','-111.8135910000',NULL,NULL,'new',NULL,'2010-04-30 01:02:23','2010-04-30 01:02:23','Field House','',1,'Project',NULL,NULL,0),(19,'<div dir=\"ltr\">The Merrill-Cazier Library is one of the newer buildings on campus. It opened its doors in September 2005. The library is 305,000 square feet, and took the place of the Merrill library that was almost 75 years old. Shortly after it was built, the Merrill-Cazier library was ranked the number one &quot;Smart Library&quot; in the nation by Campus Technology Magazine. The library uses radio frequency identification tags, a self-check-out system, an onsite automated retrieval system, group study rooms equipped with computers and large-screen LCD displays, and two multimedia suites. The building is named after Milton Merrill, former Utah State University vice president, and Stanford Cazier, former Utah State University president.</div>','41.742130 -111.809120','41.7421300000','-111.8091200000',NULL,NULL,'new',NULL,'2010-04-30 01:02:23','2010-04-30 01:02:23','Merrill-Cazier Library','',1,'Project',NULL,NULL,0),(20,'<div dir=\"ltr\">The USU Physics Department maintains a telescope in the north part of campus, just east of the football stadium.The main telescope is inside a small white dome. The telescope is used by physics professors and their classes, but members of the public are also welcome to attend, when the telescope is being used. </div>','41.752457 -111.810341','41.7524570000','-111.8103410000',NULL,NULL,'new',NULL,'2010-04-30 01:02:23','2010-04-30 01:02:23','Observatory','',1,'Project',NULL,NULL,0),(21,'<div dir=\"ltr\">Romney Stadium is located at the north end of campus, and is named after E. L. Romney, USU&apos;s all-time winningest football coach, and former athletics director. The first game inside Romney stadium was played on September 14, 1968. Utah State won the game against New Mexico State, 28-12. The field inside Romney Stadium was recently named Merlin Olsen Field. Olsen was a three-time academic All-American football player, a member of the State of Utah&apos;s Hall of Fame, and selected by Sports Illustrated as one of the State of Utah&apos;s top 50 athletes of the century.</div>','41.750599 -111.811775','41.7505990000','-111.8117750000',NULL,NULL,'new',NULL,'2010-04-30 01:02:23','2010-04-30 01:02:23','Romney Stadium','',1,'Project',NULL,NULL,0),(22,'<div dir=\"ltr\">The Nora Eccles Harrison Museum of Art is a large museum on the campus of Utah State University in Logan, Utah, and a constituent of the Caine School of the Arts at USU. The museum, which holds one of the largest collections in the entire Intermountain West with over 4,300 pieces, focuses largely on the art of the historic and contemporary American West. The facility itself was designed by architect Edward Larrabee Barnes, and consists of four levels, plus an open sculpture garden. Five permanent collections share the space with rotating exhibitions from Utah State University students and faculty and from around the nation.</div>','41.743416 -111.806297','41.7434160000','-111.8062970000',NULL,NULL,'new',NULL,'2010-04-30 01:02:23','2010-04-30 01:02:23','Nora Eccles Harrison Museum','',1,'Project',NULL,NULL,0),(23,'<div dir=\"ltr\">The College of Natural Resources includes the departments of Watershed Sciences, Environment and Society, and Wildland Resources. USU has a long and illustrious history in the science and management of forests, rangeland, wildlife, and fisheries and watersheds. Many graduates of the College of Natural Resources have gone on to high-ranking careers in the National Forest Service, National Park Service, and the Bureau of Land Management. The College of Natural Resources also operates the Quinney Library, with collections relevant for natural resources education, management, and research.</div>','41.743019 -111.809608','41.7430190000','-111.8096080000',NULL,NULL,'new',NULL,'2010-04-30 01:02:23','2010-04-30 01:02:23','College of Natural Resources','',1,'Project',NULL,NULL,0),(24,'<div dir=\"ltr\">The buildings near this spot all belong to the College of Engineering. Much of USU&apos;s most widespread academic renown stems directly from the College of Engineering. USU houses the Space Dynamics Laboratory (SDL), which is a research facility focusing on military and science applications. The SDL frequently submits projects to the Department of Defense and NASA. According to recent National Science Foundation statistics, USU ranked first among all universities in the U.S. in funding for aerospace research. USU has also won multiple national aerospace engineering competitions in the past. <br><br>The Utah Water Research Laboratory is the oldest and largest facility of its kind in the nation. USU is considered the world&apos;s #1 university in a number of water-related engineering and scientific disciplines due in large part to the UWRL. The lab heads and contributes to numerous international projects, particularly in arid Middle Eastern nations</div>','41.742088 -111.807297','41.7420880000','-111.8072970000',NULL,NULL,'new',NULL,'2010-04-30 01:02:23','2010-04-30 01:02:23','College of Engineering','',1,'Project',NULL,NULL,0),(25,'<div dir=\"ltr\">USU&apos;s Emma Eccles Jones College of Education and Human Services has been ranked by U.S. News and World Report in the top 2% of prestigious graduate schools of education in the U.S. for the past decade. The College houses one of America&apos;s few combined programs in graduate psychology training, which integrates doctoral-level training across clinical, counseling, and school psychology, and is accredited by the American Psychological Association. </div>','41.744591 -111.810585','41.7445910000','-111.8105850000',NULL,NULL,'new',NULL,'2010-04-30 01:02:23','2010-04-30 01:02:23','College of Education','',1,'Project',NULL,NULL,0),(26,'<div dir=\"ltr\">The Huntsman School of Business offers a number of graduate and undergraduate degrees in fields including management, accounting, economics and finance, and management information systems. The bachelor degrees in entrepreneurship and international business are also unique to USU within the state. The prestigious School of Accountancy is distinguished by perennial Top 5 rankings in CPA exam scores by its grad students, as well as its Institute of Management Accountants, which has received a &quot;Gold Level Award of Excellence.</div>','41.741318 -111.809547','41.7413180000','-111.8095470000',NULL,NULL,'new',NULL,'2010-04-30 01:02:23','2010-04-30 01:02:23','Huntsman School of Business','',1,'Project',NULL,NULL,0),(27,'<div dir=\"ltr\">The Manon Caine Russell and Kathryn Caine Wanlass Performance Hall is one of the newest buildings on USU&apos;s campus. The hall seats 420 people. The hall&apos;s geometry not only gives it a striking appearance, but also provides incredible acoustics. The sharp angles are reminiscent of the surrounding mountains, and the material used on the interior were carefully chosen for optimum sound qualities. The building is 20,000 square feet and cost 9.5 million to build.</div>','41.743359 -111.806740','41.7433590000','-111.8067400000',NULL,NULL,'new',NULL,'2010-04-30 01:02:23','2010-04-30 01:02:23','Performance Hall','',1,'Project',NULL,NULL,0),(28,'<div dir=\"ltr\">If you are planning a trip to USU, you may find parking can be a challenge. The covered parking terrace central to campus can serve as a good starting place. Located central to campus, and right next to the university inn, it&apos;s a great place to park start your tour of Utah State. Parking rates vary, but you can pay a day rate, or by the hour.</div>','41.744251 -111.812469','41.7442510000','-111.8124690000',NULL,NULL,'new',NULL,'2010-04-30 01:02:23','2010-04-30 01:02:23','Parking Terrace','',1,'Project',NULL,NULL,0),(29,'<div dir=\"ltr\">The university is located at the center of campus with Old Main, the Quad, the Taggart Student Center, and the Fine Arts building just a few minutes by foot. The inn has conference rooms, and larger facilities are available in the Eccles Conference Center nearby. </div>','41.742970 -111.811951','41.7429700000','-111.8119510000',NULL,NULL,'new',NULL,'2010-04-30 01:02:23','2010-04-30 01:02:23','University Inn','',1,'Project',NULL,NULL,0),(30,'<div dir=\"ltr\">The Dee Glen Smith Spectrum is home of many Aggie sports programs. The spectrum hosts men and women basketball, volleyball, and gymnastics. During men&apos;s basketball games the Spectrum is often sold out, and many claim it&apos;s the hardest venue to play west of the Mississippi. The spectrum seats 10,270 fans, so it is also used for graduation ceremonies and other events. The Smith Spectrum was built with a large grant from Dee Smith, founder of Smith&apos;s Grocery stores. </div>','41.747238 -111.811981','41.7472380000','-111.8119810000',NULL,NULL,'new',NULL,'2010-04-30 01:02:23','2010-04-30 01:02:23','Smith Spectrum','',1,'Project',NULL,NULL,0),(31,'<div dir=\"ltr\">The Salt Lake temple took an astounding 40 years to build, from 1853 to 1893. it is 210 feet, and over 250,000 square feet. Five years into the project, it was discovered that the sandstone used for the foundation was cracking. It had to be completely replaced by quartz monzonite, hauled by oxen from Little Cottenwood Canyon. The Golden Angel Moroni that sits atop the temple is twelve and one half feet tall. The temple is an icon of the Mormon Church. There are no public tours inside the temple.</div>','40.770416 -111.892265','40.7704160000','-111.8922650000','temple_square.jpeg','image/jpeg','new',4305,'2010-04-30 01:40:35','2010-04-30 03:09:40','Salt Lake Temple','',2,'Project',NULL,NULL,0),(32,'<div dir=\"ltr\">There are two visitors&apos; centers on temple square. This is the North Visitors&apos; Center, and features a replica of The Christus, a sculpture by Bertel Thorvaldsen. The North Visitors&apos; Center also has films about Mormon history, as well as other exhibits and works of art. The visitors&apos; centers are staffed by missionaries who can answer questions about the center and about the Mormon Church.</div>','40.771164 -111.892616','40.7711640000','-111.8926160000',NULL,NULL,'new',NULL,'2010-04-30 01:40:35','2010-04-30 01:40:35','North Visitor\'s Center','',2,'Project',NULL,NULL,0),(33,'<div dir=\"ltr\">As the church grew, they needed more space than the Salt Lake Temple could provide. An annex was built to house a children&apos;s waiting room, mechanical systems, and a chapel. The Annex is connected to the temple through an underground passage, and is the main entrance into the temple. Like the Salt Lake Temple, tourists are not allowed in the Temple Annex.</div>','40.770992 -111.891510','40.7709920000','-111.8915100000',NULL,NULL,'new',NULL,'2010-04-30 01:40:35','2010-04-30 01:40:35','Temple Annex','',2,'Project',NULL,NULL,0),(34,'<div dir=\"ltr\">The original purpose of the Salt Lake Tabernacle was to house meetings for the Mormon Church. The Tabernacle is home to the world-renowned Mormon Tabernacle Choir. The most innovative portion of the building is it&apos;s dome. The roof structure is nine-feet thick, and formed by a truss of timbers pinned together with wooden pegs. Skeptics said that when the interior scaffolding was removed, the entire structure would collapse. The roof has lasted over a century without any structural problems. The pipe organ has over 11,500 pipes, making it one of the largest pipe organs in the world. The tabernacle has remarkable acoustic qualities, and it is common for tour guides to drop a pin on the pulpit that can be plainly heard throughout the building. Frank Lloyd Wright dubbed the tabernacle &quot;one of the architectural masterpieces of the country and perhaps the world.&quot;</div>','40.770546 -111.892677','40.7705460000','-111.8926770000',NULL,NULL,'new',NULL,'2010-04-30 01:40:35','2010-04-30 01:40:35','Salt Lake Tabernacle','',2,'Project',NULL,NULL,0),(35,'<div dir=\"ltr\">The Assembly Hall was built in 1877, and was the second building completed after the Tabernacle. It is one of the most ornate and colorful buildings on Temple Square. Today it is used free weekend concerts featuring local and international artists. It also serves as an overflow for General Conference, held twice a year in the Conference Center.</div>','40.769745 -111.892998','40.7697450000','-111.8929980000','Temple_Square_Assembly_Hall.jpg','image/jpeg','new',75886,'2010-04-30 01:40:35','2010-04-30 04:51:25','Assembly Hall','',2,'Project',NULL,NULL,0),(36,'<div dir=\"ltr\">There are two visitors&apos; centers on temple square, The North and South Visitors&apos; Center. The building to the south contains exhibits about the building of the Salt Lake Temple. The South Visitors&apos; Center also has pictures of the Salt Lake Temple interior. Like the center to the north, it&apos;s staffed by missionaries from around the world who speak many different languages.</div>','40.769596 -111.892372','40.7695960000','-111.8923720000',NULL,NULL,'new',NULL,'2010-04-30 01:40:35','2010-04-30 01:40:35','South Visitors\' Center','',2,'Project',NULL,NULL,0),(37,'<div dir=\"ltr\">The Joseph Smith Memorial Building used to be the Hotel Utah. It was built in 1909. The hotel operated for over 70 years before it was remodeled and used by the Mormon Church as an administration building. In addition to administration offices, there is a FamilySearch center in the basement, a theater, two restaurants, and a chapel.  </div>','40.769814 -111.891052','40.7698140000','-111.8910520000',NULL,NULL,'new',NULL,'2010-04-30 01:40:35','2010-04-30 01:40:35','Joseph Smith Memorial Building','',2,'Project',NULL,NULL,0),(38,'<div dir=\"ltr\">The Family History Library is the largest genealogical library in the world, and is open to the general public at no charge. The library hold genealogical records for over 110 countries. Its collections include over 1.6 million rolls of microfilmed records onsite. The library offers research assistance to help patrons trace their own family history. These professional genealogists offer assistance in over 30 languages.</div>','40.770447 -111.894203','40.7704470000','-111.8942030000',NULL,NULL,'new',NULL,'2010-04-30 01:40:35','2010-04-30 01:40:35','Family History Library','',2,'Project',NULL,NULL,0),(39,'<div dir=\"ltr\">The Church History Museum is the premier museum operated by the Mormon Church. The museum contains collections of art, artifacts, documents, photographs, tools, clothing and furniture from the almost two-century history of the Mormon Church. The Church History Museum is open seven days a week. Admission is free. Many of the exhibits are hands-on including a covered wagon and a log home built in the same look and feel of the first houses in Salt Lake City.</div>','40.770691 -111.894196','40.7706910000','-111.8941960000',NULL,NULL,'new',NULL,'2010-04-30 01:40:35','2010-04-30 01:40:35','Church History Museum','',2,'Project',NULL,NULL,0),(40,'<div dir=\"ltr\">The church office building is a 28-story building that houses the administrative support for the lay ministry of the Mormon Church. Work performed within the building includes the production of church-related magazines, translation of church materials into numerous languages, regulation of missionary efforts, production of church films, and matters relating to the construction of temples, and more. It was built from 1962 to 1972, at a cost of 30 million dollars. Visitors can visit the lobby, as well as the observation deck. From the deck a person can see Antelope Island and the Great Salt Lake.</div>','40.770748 -111.889359','40.7707480000','-111.8893590000',NULL,NULL,'new',NULL,'2010-04-30 01:40:35','2010-04-30 01:40:35','Church Office Building','',2,'Project',NULL,NULL,0),(41,'<div dir=\"ltr\">The Conference Center is the premier meeting hall for the Mormon Church. It is believed to be the largest theater-style auditorium every built. The 1.4 million square foot Conference Center seats 21,200 people. The auditorium is large enough to hold two Boeing 747s inside. In the basement is a 1400 car parking garage, and on the roof is 3 acres of landscaped gardens, including a 67 foot waterfall, grass, and hundreds of trees. The building was completed in March of 2000. </div>','40.771702 -111.892555','40.7717020000','-111.8925550000',NULL,NULL,'new',NULL,'2010-04-30 01:40:35','2010-04-30 01:40:35','Conference Center','',2,'Project',NULL,NULL,0),(42,'<div dir=\"ltr\">North of the Family History Library is the Deuel Pioneer Log Cabin, which gives visitors a glimpse into pioneer life. It is typical of the homes built in the Salt Lake Valley after it was settled in 1847, the very first of which was built nearby by William Henry Deuel.</div>','40.770557 -111.894592','40.7705570000','-111.8945920000',NULL,NULL,'new',NULL,'2010-04-30 01:40:35','2010-04-30 01:40:35','Deuel Pioneer Log Home','',2,'Project',NULL,NULL,0),(43,'<div dir=\"ltr\">This building houses administrative offices for the The Relief Society of the Mormon Church. The Relief Society is one of the oldest and largest women&apos;s organization in the world. The motto of the Relief Society is &quot;Charity never faileth&quot;. The mission of the Relief Society focuses on strengthening the home and family. </div>','40.771309 -111.890648','40.7713090000','-111.8906480000',NULL,NULL,'new',NULL,'2010-04-30 01:40:35','2010-04-30 01:40:35','Relief Society','',2,'Project',NULL,NULL,0),(44,'<div dir=\"ltr\">The Lion House is one of two official residences of Brigham Young. It was built in 1856 by Brigham Young to accommodate his family of approximately 27 women and 56 children. Truman P. Angell, who designed the Salt Lake Temple, was also involved in the design of this home. Today the building operates as a social center with a restaurant on the main level called the Lion House Pantry. </div>','40.769562 -111.888969','40.7695620000','-111.8889690000',NULL,NULL,'new',NULL,'2010-04-30 01:40:35','2010-04-30 01:40:35','The Lion House','',2,'Project',NULL,NULL,0),(45,'<div dir=\"ltr\">The Beehive House is one of the two official residences of Brigham Young. The Beehive House gets its name from the Beehive sculpture atop the house. It was designed by Truman O. Angell, architect of the Salt Lake Temple. The Beehive House was constructed in 1854. Young was a polygamist and the Beehive House was designed to accommodate him and his wives and children. The Beehive House served as the executive mansion of the Territory of Utah from 1852 to 1855. Today, it is a historic house museum with period furnishings to depict the Young Family </div>','40.769764 -111.888489','40.7697640000','-111.8884890000',NULL,NULL,'new',NULL,'2010-04-30 01:40:35','2010-04-30 01:40:35','Beehive House','',2,'Project',NULL,NULL,0),(46,'<div dir=\"ltr\">The Church Administration Building is used by the Mormon Church and houses administrative offices. Members of the First Presidency and the Quorum of the Twelve Apostles have offices here, as well as their personal staff. The building was constructed in 1917 and only church officials and their guests are allowed inside. The buildings exterior is constructed from 4,517 granite blocks. The Church Administration Building is often where church officials meet with important visitors, most recently Michelle Obama and George W. Bush.</div>','40.770058 -111.889427','40.7700580000','-111.8894270000',NULL,NULL,'new',NULL,'2010-04-30 01:40:35','2010-04-30 01:40:35','Church Administration Building','',2,'Project',NULL,NULL,0),(47,'<div dir=\"ltr\">Brigham Young Historic Park<br><br>East of State Street is Brigham Young Historic Park. This was originally Brigham Young&apos;s farm. During the summer months the park holds concerts each Tuesday and Friday evening. </div>','40.771358 -111.887970','40.7713580000','-111.8879700000',NULL,NULL,'new',NULL,'2010-04-30 01:40:35','2010-04-30 01:40:35','Brigham Young Historic Park','',2,'Project',NULL,NULL,0),(48,'<html>\r\n<head>\r\n\r\n<style type=\"text/css\">\r\n<!--\r\n.style2 {\r\n	color: #FFFFFF;\r\n	font-family: Arial, Helvetica, sans-serif;\r\n	font-size: 16px;\r\n}\r\n-->\r\n</style>\r\n</head>\r\n\r\n<body leftmargin=0 topmargin=0 width=\"320\">\r\n<table width=\"320\" height=\"350\" align=\"left\" cellpadding=\"0\" cellspacing=\"0\" background=\"ContentBackground001.jpg\">\r\n  <tr>\r\n    <td width=\"34\" height=\"20\">&nbsp;</td>\r\n    <td width=\"252\"><div align=\"center\"></div></td>\r\n    <td width=\"34\">&nbsp;</td>\r\n  </tr>\r\n  <tr>\r\n    <td>&nbsp;</td>\r\n    <td height=\"144\"><div align=\"center\"><img src=\"Problem01Introduction001.jpg\" width=\"242\" height=\"144\"></div></td>\r\n    <td>&nbsp;</td>\r\n  </tr>\r\n  <tr>\r\n    <td>&nbsp;</td>\r\n    <td><p class=\"style1\">&nbsp;</p>\r\n\r\n      <p class=\"style2\">We\'ve just learned that Dr. Evil has stolen the logic machine from our research facility.  </p>\r\n      <p class=\"style2\"> </p>\r\n      <p class=\"style1\">&nbsp;</p></td>\r\n    <td>&nbsp;</td>\r\n  </tr>\r\n</table>\r\n\r\n<table width=\"320\" height=\"350\" align=\"left\" cellpadding=\"0\" cellspacing=\"0\" background=\"ContentBackground001.jpg\">\r\n  <tr>\r\n    <td width=\"34\" height=\"20\">&nbsp;</td>\r\n    <td width=\"252\"><div align=\"center\"></div></td>\r\n    <td width=\"34\">&nbsp;</td>\r\n  </tr>\r\n  <tr>\r\n    <td>&nbsp;</td>\r\n    <td height=\"144\"><div align=\"center\"><img src=\"LogicMachineIcon.jpg\" width=\"242\" height=\"144\"></div></td>\r\n    <td>&nbsp;</td>\r\n  </tr>\r\n  <tr>\r\n    <td>&nbsp;</td>\r\n    <td><p class=\"style1\">&nbsp;</p>\r\n\r\n      <p class=\"style2\"> </p>\r\n      <p class=\"style2\">&nbsp;</p>\r\n      <p class=\"style1\">&nbsp;</p></td>\r\n    <td>&nbsp;</td>\r\n  </tr>\r\n</table>\r\n\r\n<table width=\"320\" height=\"350\" align=\"left\" cellpadding=\"0\" cellspacing=\"0\" background=\"ContentBackground001.jpg\">\r\n  <tr>\r\n    <td width=\"34\" height=\"20\">&nbsp;</td>\r\n    <td width=\"252\"><div align=\"center\"></div></td>\r\n    <td width=\"34\">&nbsp;</td>\r\n  </tr>\r\n  <tr>\r\n    <td>&nbsp;</td>\r\n    <td height=\"144\"><div align=\"center\"><img src=\"Problem01Introduction002.jpg\" width=\"242\" height=\"144\"></div></td>\r\n    <td>&nbsp;</td>\r\n  </tr>\r\n  <tr>\r\n    <td>&nbsp;</td>\r\n    <td><p class=\"style1\">&nbsp;</p>\r\n\r\n      <p class=\"style2\">Your first training mission will be to retrieve the logic machine from Dr. Evil\'s fortress. </p>\r\n      <p class=\"style2\">&nbsp;</p>\r\n      <p class=\"style1\">&nbsp;</p></td>\r\n    <td>&nbsp;</td>\r\n  </tr>\r\n</table>\r\n\r\n<table width=\"320\" height=\"350\" align=\"left\" cellpadding=\"0\" cellspacing=\"0\" background=\"ContentBackground001.jpg\">\r\n  <tr>\r\n    <td width=\"34\" height=\"20\">&nbsp;</td>\r\n    <td width=\"252\"><div align=\"center\"></div></td>\r\n    <td width=\"34\">&nbsp;</td>\r\n  </tr>\r\n  <tr>\r\n    <td>&nbsp;</td>\r\n    <td height=\"144\"><div align=\"center\"><img src=\"MapIcon.jpg\" width=\"242\" height=\"144\"></div></td>\r\n    <td>&nbsp;</td>\r\n  </tr>\r\n  <tr>\r\n    <td>&nbsp;</td>\r\n    <td><p class=\"style1\">&nbsp;</p>\r\n\r\n      <p class=\"style2\">Use the map provided on your navigation device to find your way to the fortress. </p>\r\n      <p class=\"style2\"></p>\r\n      <p class=\"style1\">&nbsp;</p></td>\r\n    <td>&nbsp;</td>\r\n  </tr>\r\n</table>\r\n\r\n</body>\r\n</html>',NULL,NULL,NULL,NULL,NULL,'new',NULL,'2011-01-05 07:19:29','2011-05-25 04:43:49','Introduction','',4,'Project',-9,-6,2),(51,'This is your starting point',NULL,NULL,NULL,NULL,NULL,'new',NULL,'2011-01-20 21:11:23','2011-01-20 21:11:35','start','',5,'Project',50,50,0),(52,'dfkgdf',NULL,NULL,NULL,NULL,NULL,'new',NULL,'2011-01-20 21:13:05','2011-01-20 21:13:05','fdgtkldf','',5,'Project',67,98,0),(57,'<html>\r\n<head>\r\n\r\n<style type=\"text/css\">\r\n<!--\r\n.style2 {\r\n	color: #FFFFFF;\r\n	font-family: Arial, Helvetica, sans-serif;\r\n	font-size: 16px;\r\n}\r\n-->\r\n</style>\r\n</head>\r\n\r\n<body leftmargin=0 topmargin=0 width=\"320\">\r\n<table width=\"320\" height=\"350\" align=\"left\" cellpadding=\"0\" cellspacing=\"0\" background=\"ContentBackground001.jpg\">\r\n  <tr>\r\n    <td width=\"34\" height=\"20\">&nbsp;</td>\r\n    <td width=\"252\"><div align=\"center\"></div></td>\r\n    <td width=\"34\">&nbsp;</td>\r\n  </tr>\r\n  <tr>\r\n    <td>&nbsp;</td>\r\n    <td height=\"144\"><div align=\"center\"><img src=\"Problem01Pin001.jpg\" width=\"242\" height=\"144\"></div></td>\r\n    <td>&nbsp;</td>\r\n  </tr>\r\n  <tr>\r\n    <td>&nbsp;</td>\r\n    <td><p class=\"style1\">&nbsp;</p>\r\n\r\n      <p class=\"style2\">At the entrance of the forest you see 6 trees. (Back to Map) </p>\r\n      <p class=\"style2\"> </p>\r\n      <p class=\"style1\">&nbsp;</p></td>\r\n    <td>&nbsp;</td>\r\n  </tr>\r\n</table>\r\n\r\n</body>\r\n</html>',NULL,NULL,NULL,NULL,NULL,'new',NULL,'2011-03-03 20:55:23','2011-05-25 04:43:48','Forest Entrance','',4,'Project',0,-23,3),(58,'<html>\r\n<head>\r\n\r\n<style type=\"text/css\">\r\n<!--\r\n.style2 {\r\n	color: #FFFFFF;\r\n	font-family: Arial, Helvetica, sans-serif;\r\n	font-size: 16px;\r\n}\r\n-->\r\n</style>\r\n</head>\r\n\r\n<body leftmargin=0 topmargin=0 width=\"320\">\r\n<table width=\"320\" height=\"350\" align=\"left\" cellpadding=\"0\" cellspacing=\"0\" background=\"ContentBackground001.jpg\">\r\n  <tr>\r\n    <td width=\"34\" height=\"20\">&nbsp;</td>\r\n    <td width=\"252\"><div align=\"center\"></div></td>\r\n    <td width=\"34\">&nbsp;</td>\r\n  </tr>\r\n  <tr>\r\n    <td>&nbsp;</td>\r\n    <td height=\"144\"><div align=\"center\"><img src=\"Problem01Pin002.jpg\" width=\"242\" height=\"144\"></div></td>\r\n    <td>&nbsp;</td>\r\n  </tr>\r\n  <tr>\r\n    <td>&nbsp;</td>\r\n    <td><p class=\"style1\">&nbsp;</p>\r\n\r\n      <p class=\"style2\">Sidekick: </p>\r\n      <p class=\"style2\"> The path splits! Which path should we take?(Next)</p>\r\n      <p class=\"style1\">&nbsp;</p></td>\r\n    <td>&nbsp;</td>\r\n  </tr>\r\n</table>\r\n\r\n<table width=\"320\" height=\"350\" align=\"left\" cellpadding=\"0\" cellspacing=\"0\" background=\"ContentBackground001.jpg\">\r\n  <tr>\r\n    <td width=\"34\" height=\"20\">&nbsp;</td>\r\n    <td width=\"252\"><div align=\"center\"></div></td>\r\n    <td width=\"34\">&nbsp;</td>\r\n  </tr>\r\n  <tr>\r\n    <td>&nbsp;</td>\r\n    <td height=\"144\"><div align=\"center\"><img src=\"ForestMinigame.jpg\" width=\"242\" height=\"144\"></div></td>\r\n    <td>&nbsp;</td>\r\n  </tr>\r\n  <tr>\r\n    <td>&nbsp;</td>\r\n    <td><p class=\"style1\">&nbsp;</p>\r\n\r\n      <p class=\"style2\">Sidekick: </p>\r\n      <p class=\"style2\"> We need to take the path with four trees. (Play Compass Game)</p>\r\n      <p class=\"style1\">&nbsp;</p></td>\r\n    <td>&nbsp;</td>\r\n  </tr>\r\n</table>\r\n</body>\r\n</html>',NULL,NULL,NULL,NULL,NULL,'new',NULL,'2011-03-18 18:13:23','2011-05-25 04:43:46','Forest Path','',4,'Project',14,-2,4),(59,'<html>\r\n<head>\r\n\r\n<style type=\"text/css\">\r\n<!--\r\n.style2 {\r\n	color: #FFFFFF;\r\n	font-family: Arial, Helvetica, sans-serif;\r\n	font-size: 16px;\r\n}\r\n-->\r\n</style>\r\n</head>\r\n\r\n<body leftmargin=0 topmargin=0 width=\"320\">\r\n<table width=\"320\" height=\"350\" align=\"left\" cellpadding=\"0\" cellspacing=\"0\" background=\"ContentBackground001.jpg\">\r\n  <tr>\r\n    <td width=\"34\" height=\"20\">&nbsp;</td>\r\n    <td width=\"252\"><div align=\"center\"></div></td>\r\n    <td width=\"34\">&nbsp;</td>\r\n  </tr>\r\n  <tr>\r\n    <td>&nbsp;</td>\r\n    <td height=\"144\"><div align=\"center\"><img src=\"Problem01Pin003Problem.jpg\" width=\"242\" height=\"144\"></div></td>\r\n    <td>&nbsp;</td>\r\n  </tr>\r\n  <tr>\r\n    <td>&nbsp;</td>\r\n    <td><p class=\"style1\">&nbsp;</p>\r\n\r\n      <p class=\"style2\">Sidekick: </p>\r\n      <p class=\"style2\"> The path splits! Which path should we take?(Next)</p>\r\n      <p class=\"style1\">&nbsp;</p></td>\r\n    <td>&nbsp;</td>\r\n  </tr>\r\n</table>\r\n\r\n<table width=\"320\" height=\"350\" align=\"left\" cellpadding=\"0\" cellspacing=\"0\" background=\"ContentBackground001.jpg\">\r\n  <tr>\r\n    <td width=\"34\" height=\"20\">&nbsp;</td>\r\n    <td width=\"252\"><div align=\"center\"></div></td>\r\n    <td width=\"34\">&nbsp;</td>\r\n  </tr>\r\n  <tr>\r\n    <td>&nbsp;</td>\r\n    <td height=\"144\"><div align=\"center\"><img src=\"Correct.jpg\" width=\"242\" height=\"144\"></div></td>\r\n    <td>&nbsp;</td>\r\n  </tr>\r\n  <tr>\r\n    <td>&nbsp;</td>\r\n    <td><p class=\"style1\">&nbsp;</p>\r\n\r\n      <p class=\"style2\">Sidekick: </p>\r\n      <p class=\"style2\"> 6 + 4 = 10 (Next)</p>\r\n      <p class=\"style1\">&nbsp;</p></td>\r\n    <td>&nbsp;</td>\r\n  </tr>\r\n</table>\r\n\r\n<table width=\"320\" height=\"350\" align=\"left\" cellpadding=\"0\" cellspacing=\"0\" background=\"ContentBackground001.jpg\">\r\n  <tr>\r\n    <td width=\"34\" height=\"20\">&nbsp;</td>\r\n    <td width=\"252\"><div align=\"center\"></div></td>\r\n    <td width=\"34\">&nbsp;</td>\r\n  </tr>\r\n  <tr>\r\n    <td>&nbsp;</td>\r\n    <td height=\"144\"><div align=\"center\"><img src=\"RopeIcon.jpg\" width=\"242\" height=\"144\"></div></td>\r\n    <td>&nbsp;</td>\r\n  </tr>\r\n  <tr>\r\n    <td>&nbsp;</td>\r\n    <td><p class=\"style1\">&nbsp;</p>\r\n\r\n      <p class=\"style2\">Sidekick: </p>\r\n      <p class=\"style2\"> At the forest exit you found a piece of rope! (Next)</p>\r\n      <p class=\"style1\">&nbsp;</p></td>\r\n    <td>&nbsp;</td>\r\n  </tr>\r\n</table>\r\n</body>\r\n</html>',NULL,NULL,NULL,NULL,NULL,'new',NULL,'2011-03-18 18:18:41','2011-03-18 18:18:41','Forest Exit','',4,'Project',120,20,5),(60,'This is your starting point',NULL,NULL,NULL,NULL,NULL,'new',NULL,'2011-03-25 16:33:30','2011-03-25 16:33:30','start','',6,'Project',0,0,1),(61,'This is your starting point',NULL,NULL,NULL,NULL,NULL,'new',NULL,'2011-04-04 15:20:15','2011-06-20 17:45:36','Introduction','',7,'Project',0,0,1),(62,NULL,NULL,NULL,NULL,NULL,NULL,'new',NULL,'2011-04-06 14:02:26','2011-06-20 17:45:45','Forest Entrance','',7,'Project',-37,-25,2),(63,NULL,NULL,NULL,NULL,NULL,NULL,'new',NULL,'2011-04-06 14:06:58','2011-06-20 17:45:51','Forest Path','',7,'Project',-36,-35,3),(64,NULL,NULL,NULL,NULL,NULL,NULL,'new',NULL,'2011-04-06 14:39:08','2011-06-20 17:45:57','Forest Exit','',7,'Project',-26,-33,4),(65,NULL,NULL,NULL,NULL,NULL,NULL,'new',NULL,'2011-04-06 14:41:37','2011-06-20 17:46:03','Broken Bridge','',7,'Project',5,-30,5),(66,NULL,NULL,NULL,NULL,NULL,NULL,'new',NULL,'2011-04-06 14:45:58','2011-06-20 17:46:08','River Crossing','',7,'Project',19,-20,6),(67,NULL,NULL,NULL,NULL,NULL,NULL,'new',NULL,'2011-04-06 14:47:53','2011-06-20 17:46:14','Mountain Trail','',7,'Project',18,9,7),(68,NULL,NULL,NULL,NULL,NULL,NULL,'new',NULL,'2011-04-06 14:50:55','2011-06-20 17:47:06','Top of Mountain','',7,'Project',17,29,8),(69,NULL,NULL,NULL,NULL,NULL,NULL,'new',NULL,'2011-04-06 14:55:05','2011-06-20 17:47:37','Fortress Entrance','',7,'Project',32,32,9),(70,NULL,NULL,NULL,NULL,NULL,NULL,'new',NULL,'2011-04-06 14:56:57','2011-06-20 17:47:10','Fortress Maze','',7,'Project',33,17,10),(71,NULL,NULL,NULL,NULL,NULL,NULL,'new',NULL,'2011-04-06 15:03:11','2011-06-20 17:47:20','The Logical Conclusion','',7,'Project',46,26,11);
/*!40000 ALTER TABLE `facts` ENABLE KEYS */;
UNLOCK TABLES;

--
-- Table structure for table `project_layouts`
--

DROP TABLE IF EXISTS `project_layouts`;
SET @saved_cs_client     = @@character_set_client;
SET character_set_client = utf8;
CREATE TABLE `project_layouts` (
  `id` int(11) NOT NULL auto_increment,
  `name` varchar(255) collate utf8_unicode_ci default NULL,
  `sort` int(11) default NULL,
  `created_at` datetime default NULL,
  `updated_at` datetime default NULL,
  `view` varchar(255) collate utf8_unicode_ci default NULL,
  PRIMARY KEY  (`id`)
) ENGINE=InnoDB AUTO_INCREMENT=5 DEFAULT CHARSET=utf8 COLLATE=utf8_unicode_ci;
SET character_set_client = @saved_cs_client;

--
-- Dumping data for table `project_layouts`
--

LOCK TABLES `project_layouts` WRITE;
/*!40000 ALTER TABLE `project_layouts` DISABLE KEYS */;
INSERT INTO `project_layouts` VALUES (1,'1. List View Layout',1,'2010-12-19 04:28:41','2010-12-29 17:09:30','list'),(2,'2. Icon Grid Layout',2,'2010-12-19 04:28:41','2010-12-29 17:09:30','grid'),(3,'3. Cover Flow Layout',3,'2010-12-19 04:28:41','2010-12-29 17:09:30','flow'),(4,'4. GPSrs',4,'2010-12-19 04:28:41','2010-12-29 17:09:30','gpsrs');
/*!40000 ALTER TABLE `project_layouts` ENABLE KEYS */;
UNLOCK TABLES;

--
-- Table structure for table `project_roles`
--

DROP TABLE IF EXISTS `project_roles`;
SET @saved_cs_client     = @@character_set_client;
SET character_set_client = utf8;
CREATE TABLE `project_roles` (
  `id` int(11) NOT NULL auto_increment,
  `user_id` int(11) default NULL,
  `project_id` int(11) default NULL,
  `role` varchar(255) collate utf8_unicode_ci default NULL,
  `created_at` datetime default NULL,
  `updated_at` datetime default NULL,
  PRIMARY KEY  (`id`),
  KEY `index_project_roles_on_user_id_and_project_id` (`user_id`,`project_id`)
) ENGINE=InnoDB DEFAULT CHARSET=utf8 COLLATE=utf8_unicode_ci;
SET character_set_client = @saved_cs_client;

--
-- Dumping data for table `project_roles`
--

LOCK TABLES `project_roles` WRITE;
/*!40000 ALTER TABLE `project_roles` DISABLE KEYS */;
/*!40000 ALTER TABLE `project_roles` ENABLE KEYS */;
UNLOCK TABLES;

--
-- Table structure for table `project_types`
--

DROP TABLE IF EXISTS `project_types`;
SET @saved_cs_client     = @@character_set_client;
SET character_set_client = utf8;
CREATE TABLE `project_types` (
  `id` int(11) NOT NULL auto_increment,
  `name` varchar(255) collate utf8_unicode_ci default NULL,
  `created_at` datetime default NULL,
  `updated_at` datetime default NULL,
  PRIMARY KEY  (`id`)
) ENGINE=InnoDB DEFAULT CHARSET=utf8 COLLATE=utf8_unicode_ci;
SET character_set_client = @saved_cs_client;

--
-- Dumping data for table `project_types`
--

LOCK TABLES `project_types` WRITE;
/*!40000 ALTER TABLE `project_types` DISABLE KEYS */;
/*!40000 ALTER TABLE `project_types` ENABLE KEYS */;
UNLOCK TABLES;

--
-- Table structure for table `projects`
--

DROP TABLE IF EXISTS `projects`;
SET @saved_cs_client     = @@character_set_client;
SET character_set_client = utf8;
CREATE TABLE `projects` (
  `id` int(11) NOT NULL auto_increment,
  `project_type_id` int(11) default NULL,
  `name` varchar(255) collate utf8_unicode_ci default NULL,
  `description` text collate utf8_unicode_ci,
  `deadline` datetime default NULL,
  `aasm_state` varchar(255) collate utf8_unicode_ci default NULL,
  `photo_file_name` varchar(255) collate utf8_unicode_ci default NULL,
  `photo_content_type` varchar(255) collate utf8_unicode_ci default NULL,
  `photo_file_size` int(11) default NULL,
  `comment_count` int(11) default '0',
  `created_at` datetime default NULL,
  `updated_at` datetime default NULL,
  `app_items` text collate utf8_unicode_ci,
  `project_layout_id` int(11) default NULL,
  `app_icon_file_name` varchar(255) collate utf8_unicode_ci default NULL,
  `app_icon_content_type` varchar(255) collate utf8_unicode_ci default NULL,
  `app_icon_file_size` varchar(255) collate utf8_unicode_ci default NULL,
  `splash_image_file_name` varchar(255) collate utf8_unicode_ci default NULL,
  `splash_image_content_type` varchar(255) collate utf8_unicode_ci default NULL,
  `splash_image_file_size` varchar(255) collate utf8_unicode_ci default NULL,
  `background_image_file_name` varchar(255) collate utf8_unicode_ci default NULL,
  `background_image_content_type` varchar(255) collate utf8_unicode_ci default NULL,
  `background_image_file_size` varchar(255) collate utf8_unicode_ci default NULL,
  `width` int(11) default NULL,
  `height` int(11) default NULL,
  PRIMARY KEY  (`id`)
) ENGINE=InnoDB AUTO_INCREMENT=8 DEFAULT CHARSET=utf8 COLLATE=utf8_unicode_ci;
SET character_set_client = @saved_cs_client;

--
-- Dumping data for table `projects`
--

LOCK TABLES `projects` WRITE;
/*!40000 ALTER TABLE `projects` DISABLE KEYS */;
INSERT INTO `projects` VALUES (1,NULL,'USU','Utah State University',NULL,'new','USU.jpeg','image/jpeg',5595,0,'2010-04-30 01:02:03','2010-08-17 20:40:20',NULL,2,NULL,NULL,NULL,NULL,NULL,NULL,NULL,NULL,NULL,NULL,NULL),(2,NULL,'Temple Square','<p>A tour of Temple Square.</p>',NULL,'new','temple_square.jpeg','image/jpeg',4305,0,'2010-04-30 01:40:21','2011-02-01 19:22:14',NULL,1,NULL,NULL,NULL,NULL,NULL,NULL,NULL,NULL,NULL,NULL,NULL),(3,NULL,'Logan','<p>A set of geo tagged facts for Logan Utah.</p>',NULL,'new','logan.jpeg','image/jpeg',2958,0,'2010-04-30 03:13:59','2010-07-30 22:27:22',NULL,2,NULL,NULL,NULL,NULL,NULL,NULL,NULL,NULL,NULL,NULL,NULL),(4,NULL,'AH_Test001','Testing the json file and content.',NULL,'new',NULL,NULL,NULL,0,'2010-12-29 17:07:10','2011-05-25 04:43:31',NULL,4,NULL,NULL,NULL,NULL,NULL,NULL,'IMG_0152.jpg','image/jpeg','1439763',100,100),(5,NULL,'test','sdfg',NULL,'new',NULL,NULL,NULL,0,'2011-01-20 21:11:23','2011-01-20 21:11:23',NULL,4,NULL,NULL,NULL,NULL,NULL,NULL,NULL,NULL,NULL,NULL,NULL),(6,NULL,'Add Sub Module','This is the addition and subtraction module for the Geepers math program. ',NULL,'new',NULL,NULL,NULL,0,'2011-03-25 16:33:30','2011-03-25 16:33:30',NULL,4,NULL,NULL,NULL,NULL,NULL,NULL,NULL,NULL,NULL,NULL,NULL),(7,NULL,'Logic Machine Rescue','This is the addition and subtraction module for the Geepers Math Game.',NULL,'new',NULL,NULL,NULL,0,'2011-04-04 15:20:15','2011-06-20 17:47:46',NULL,4,NULL,NULL,NULL,NULL,NULL,NULL,'M01_map02.jpg','image/jpeg','72031',100,100);
/*!40000 ALTER TABLE `projects` ENABLE KEYS */;
UNLOCK TABLES;

--
-- Table structure for table `roles`
--

DROP TABLE IF EXISTS `roles`;
SET @saved_cs_client     = @@character_set_client;
SET character_set_client = utf8;
CREATE TABLE `roles` (
  `id` int(11) NOT NULL auto_increment,
  `name` varchar(255) collate utf8_unicode_ci default NULL,
  `created_at` datetime default NULL,
  `updated_at` datetime default NULL,
  PRIMARY KEY  (`id`)
) ENGINE=InnoDB AUTO_INCREMENT=3 DEFAULT CHARSET=utf8 COLLATE=utf8_unicode_ci;
SET character_set_client = @saved_cs_client;

--
-- Dumping data for table `roles`
--

LOCK TABLES `roles` WRITE;
/*!40000 ALTER TABLE `roles` DISABLE KEYS */;
INSERT INTO `roles` VALUES (1,'Admin','2010-12-19 04:28:41','2011-05-13 14:55:59'),(2,NULL,'2010-12-19 04:28:41','2010-12-19 04:28:41');
/*!40000 ALTER TABLE `roles` ENABLE KEYS */;
UNLOCK TABLES;

--
-- Table structure for table `roles_users`
--

DROP TABLE IF EXISTS `roles_users`;
SET @saved_cs_client     = @@character_set_client;
SET character_set_client = utf8;
CREATE TABLE `roles_users` (
  `role_id` int(11) default NULL,
  `user_id` int(11) default NULL
) ENGINE=InnoDB DEFAULT CHARSET=utf8 COLLATE=utf8_unicode_ci;
SET character_set_client = @saved_cs_client;

--
-- Dumping data for table `roles_users`
--

LOCK TABLES `roles_users` WRITE;
/*!40000 ALTER TABLE `roles_users` DISABLE KEYS */;
INSERT INTO `roles_users` VALUES (1,1),(2,1);
/*!40000 ALTER TABLE `roles_users` ENABLE KEYS */;
UNLOCK TABLES;

--
-- Table structure for table `schema_migrations`
--

DROP TABLE IF EXISTS `schema_migrations`;
SET @saved_cs_client     = @@character_set_client;
SET character_set_client = utf8;
CREATE TABLE `schema_migrations` (
  `version` varchar(255) collate utf8_unicode_ci NOT NULL,
  UNIQUE KEY `unique_schema_migrations` (`version`)
) ENGINE=InnoDB DEFAULT CHARSET=utf8 COLLATE=utf8_unicode_ci;
SET character_set_client = @saved_cs_client;

--
-- Dumping data for table `schema_migrations`
--

LOCK TABLES `schema_migrations` WRITE;
/*!40000 ALTER TABLE `schema_migrations` DISABLE KEYS */;
INSERT INTO `schema_migrations` VALUES ('20090327231918'),('20100109231422'),('20100109235729'),('20100112181339'),('20100112211344'),('20100112215227'),('20100123035450'),('20100123233654'),('20100206223612'),('20100206232447'),('20100207025529'),('20100215190900'),('20100301202930'),('20100515185718'),('20100706225142'),('20100709210028'),('20100728190825'),('20100728204316'),('20100730212841'),('20100730235259'),('20101110043851'),('20101110044019'),('20101110044028'),('20101110044036'),('20101110044101'),('20101110044109'),('20101114010947'),('20101222161814'),('20101222211028'),('20110122200505'),('20110211161452'),('20110326170156'),('20110402195030'),('20110403053635'),('20110513151100'),('20110618190731');
/*!40000 ALTER TABLE `schema_migrations` ENABLE KEYS */;
UNLOCK TABLES;

--
-- Table structure for table `slugs`
--

DROP TABLE IF EXISTS `slugs`;
SET @saved_cs_client     = @@character_set_client;
SET character_set_client = utf8;
CREATE TABLE `slugs` (
  `id` int(11) NOT NULL auto_increment,
  `name` varchar(255) collate utf8_unicode_ci default NULL,
  `sluggable_id` int(11) default NULL,
  `sequence` int(11) NOT NULL default '1',
  `sluggable_type` varchar(40) collate utf8_unicode_ci default NULL,
  `scope` varchar(255) collate utf8_unicode_ci default NULL,
  `created_at` datetime default NULL,
  PRIMARY KEY  (`id`),
  UNIQUE KEY `index_slugs_on_n_s_s_and_s` (`name`,`sluggable_type`,`sequence`,`scope`),
  KEY `index_slugs_on_sluggable_id` (`sluggable_id`)
) ENGINE=InnoDB AUTO_INCREMENT=7 DEFAULT CHARSET=utf8 COLLATE=utf8_unicode_ci;
SET character_set_client = @saved_cs_client;

--
-- Dumping data for table `slugs`
--

LOCK TABLES `slugs` WRITE;
/*!40000 ALTER TABLE `slugs` DISABLE KEYS */;
INSERT INTO `slugs` VALUES (1,'geepers',4,1,'Project',NULL,'2010-12-29 17:07:10'),(2,'test',5,1,'Project',NULL,'2011-01-20 21:11:23'),(3,'temple-square',2,1,'Project',NULL,'2011-02-01 19:22:14'),(4,'ahtest001',4,1,'Project',NULL,'2011-03-02 16:45:20'),(5,'add-sub-module',6,1,'Project',NULL,'2011-03-25 16:33:30'),(6,'logic-machine-rescue',7,1,'Project',NULL,'2011-04-04 15:20:15');
/*!40000 ALTER TABLE `slugs` ENABLE KEYS */;
UNLOCK TABLES;

--
-- Table structure for table `taggings`
--

DROP TABLE IF EXISTS `taggings`;
SET @saved_cs_client     = @@character_set_client;
SET character_set_client = utf8;
CREATE TABLE `taggings` (
  `id` int(11) NOT NULL auto_increment,
  `tag_id` int(11) default NULL,
  `taggable_id` int(11) default NULL,
  `tagger_id` int(11) default NULL,
  `tagger_type` varchar(255) collate utf8_unicode_ci default NULL,
  `taggable_type` varchar(255) collate utf8_unicode_ci default NULL,
  `context` varchar(255) collate utf8_unicode_ci default NULL,
  `created_at` datetime default NULL,
  PRIMARY KEY  (`id`),
  KEY `index_taggings_on_tag_id` (`tag_id`),
  KEY `index_taggings_on_taggable_id_and_taggable_type_and_context` (`taggable_id`,`taggable_type`,`context`)
) ENGINE=InnoDB AUTO_INCREMENT=15 DEFAULT CHARSET=utf8 COLLATE=utf8_unicode_ci;
SET character_set_client = @saved_cs_client;

--
-- Dumping data for table `taggings`
--

LOCK TABLES `taggings` WRITE;
/*!40000 ALTER TABLE `taggings` DISABLE KEYS */;
INSERT INTO `taggings` VALUES (1,2,4,NULL,NULL,'Project','tags','2011-02-11 00:52:49'),(3,9,4,NULL,NULL,'Project','tags','2011-02-11 00:52:51'),(4,7,4,NULL,NULL,'Project','tags','2011-02-11 00:53:55'),(5,13,4,NULL,NULL,'Project','tags','2011-02-11 00:53:56'),(10,2,48,NULL,NULL,'Fact','tags','2011-03-03 20:51:55'),(12,13,57,NULL,NULL,'Fact','tags','2011-03-03 20:55:54'),(13,13,58,NULL,NULL,'Fact','tags','2011-03-18 18:18:56'),(14,13,59,NULL,NULL,'Fact','tags','2011-03-18 18:19:01');
/*!40000 ALTER TABLE `taggings` ENABLE KEYS */;
UNLOCK TABLES;

--
-- Table structure for table `tags`
--

DROP TABLE IF EXISTS `tags`;
SET @saved_cs_client     = @@character_set_client;
SET character_set_client = utf8;
CREATE TABLE `tags` (
  `id` int(11) NOT NULL auto_increment,
  `name` varchar(255) collate utf8_unicode_ci default NULL,
  `icon` varchar(255) collate utf8_unicode_ci default NULL,
  PRIMARY KEY  (`id`)
) ENGINE=InnoDB AUTO_INCREMENT=20 DEFAULT CHARSET=utf8 COLLATE=utf8_unicode_ci;
SET character_set_client = @saved_cs_client;

--
-- Dumping data for table `tags`
--

LOCK TABLES `tags` WRITE;
/*!40000 ALTER TABLE `tags` DISABLE KEYS */;
INSERT INTO `tags` VALUES (1,'historical','http://google-maps-icons.googlecode.com/files/historicalquarter.png'),(2,'museum','http://google-maps-icons.googlecode.com/files/museum-historical.png'),(3,'restaurant','http://google-maps-icons.googlecode.com/files/restaurant.png'),(4,'gourmet restaurant','http://google-maps-icons.googlecode.com/files/restaurantgourmet.png'),(5,'fast food','http://google-maps-icons.googlecode.com/files/fastfood.png'),(6,'fancy food','http://google-maps-icons.googlecode.com/files/gourmet.png'),(7,'scenic view','http://google-maps-icons.googlecode.com/files/beautiful.png'),(8,'panoramic view','http://google-maps-icons.googlecode.com/files/panoramic180.png'),(9,'point of interest','http://google-maps-icons.googlecode.com/files/sight.png'),(10,'geological point of interest','http://google-maps-icons.googlecode.com/files/glacier.png'),(11,'souvenirs','http://google-maps-icons.googlecode.com/files/gifts.png'),(12,'urban park','http://google-maps-icons.googlecode.com/files/park-urban.png'),(13,'park','http://google-maps-icons.googlecode.com/files/park.png'),(14,'archeological','http://google-maps-icons.googlecode.com/files/museum-archeological.png'),(15,'museum (art)','http://google-maps-icons.googlecode.com/files/museum-art.png'),(16,'museum (historical)','http://google-maps-icons.googlecode.com/files/museum-historical.png'),(17,'bus','http://google-maps-icons.googlecode.com/files/bus.png'),(18,'railway','http://google-maps-icons.googlecode.com/files/train.png'),(19,'subway','http://google-maps-icons.googlecode.com/files/subway.png');
/*!40000 ALTER TABLE `tags` ENABLE KEYS */;
UNLOCK TABLES;

--
-- Table structure for table `users`
--

DROP TABLE IF EXISTS `users`;
SET @saved_cs_client     = @@character_set_client;
SET character_set_client = utf8;
CREATE TABLE `users` (
  `id` int(11) NOT NULL auto_increment,
  `email` varchar(255) collate utf8_unicode_ci NOT NULL default '',
  `encrypted_password` varchar(128) collate utf8_unicode_ci NOT NULL default '',
  `password_salt` varchar(255) collate utf8_unicode_ci NOT NULL default '',
  `reset_password_token` varchar(255) collate utf8_unicode_ci default NULL,
  `remember_token` varchar(255) collate utf8_unicode_ci default NULL,
  `remember_created_at` datetime default NULL,
  `sign_in_count` int(11) default '0',
  `current_sign_in_at` datetime default NULL,
  `last_sign_in_at` datetime default NULL,
  `current_sign_in_ip` varchar(255) collate utf8_unicode_ci default NULL,
  `last_sign_in_ip` varchar(255) collate utf8_unicode_ci default NULL,
  `confirmation_token` varchar(255) collate utf8_unicode_ci default NULL,
  `confirmed_at` datetime default NULL,
  `confirmation_sent_at` datetime default NULL,
  `authentication_token` varchar(255) collate utf8_unicode_ci default NULL,
  `created_at` datetime default NULL,
  `updated_at` datetime default NULL,
  `access_code_id` int(11) default NULL,
  `name` varchar(255) collate utf8_unicode_ci default NULL,
  `cached_slug` varchar(255) collate utf8_unicode_ci default NULL,
  `deleted_at` datetime default NULL,
  `username` varchar(255) collate utf8_unicode_ci default NULL,
  PRIMARY KEY  (`id`),
  UNIQUE KEY `index_users_on_email` (`email`),
  UNIQUE KEY `index_users_on_reset_password_token` (`reset_password_token`),
  UNIQUE KEY `index_users_on_confirmation_token` (`confirmation_token`)
) ENGINE=InnoDB AUTO_INCREMENT=3 DEFAULT CHARSET=utf8 COLLATE=utf8_unicode_ci;
SET character_set_client = @saved_cs_client;

--
-- Dumping data for table `users`
--

LOCK TABLES `users` WRITE;
/*!40000 ALTER TABLE `users` DISABLE KEYS */;
INSERT INTO `users` VALUES (1,'admin@example.com','$2a$10$EdtxBQsTzXcZpONhOQ9Zpe1o8DBL7U5mNmqmKCLAndJkUDelYbnG.','$2a$10$EdtxBQsTzXcZpONhOQ9Zpe',NULL,NULL,NULL,124,'2011-06-22 04:23:46','2011-06-21 21:53:55','174.52.252.129','129.123.144.76','oB5Xx7DywQ0X3Bc-e9Yl','2010-12-19 04:28:40','2010-12-19 04:28:40',NULL,'2010-12-19 04:28:40','2011-06-22 04:23:46',NULL,'Admin',NULL,NULL,NULL),(2,'justinball@gmail.com','$2a$10$7udeJwsgvzFsPvQK4FRzOuhcmUpFe61gHcbabjSJoJw0cBpHlicnu','$2a$10$7udeJwsgvzFsPvQK4FRzOu',NULL,NULL,NULL,1,'2010-12-19 04:56:39','2010-12-19 04:56:39','98.202.27.246','98.202.27.246','4gAcKwkQH-wtgM8zW70Z','2010-12-19 04:55:56','2010-12-19 04:51:23',NULL,'2010-12-19 04:51:23','2010-12-19 04:56:39',NULL,NULL,NULL,NULL,NULL);
/*!40000 ALTER TABLE `users` ENABLE KEYS */;
UNLOCK TABLES;
/*!40103 SET TIME_ZONE=@OLD_TIME_ZONE */;

/*!40101 SET SQL_MODE=@OLD_SQL_MODE */;
/*!40014 SET FOREIGN_KEY_CHECKS=@OLD_FOREIGN_KEY_CHECKS */;
/*!40014 SET UNIQUE_CHECKS=@OLD_UNIQUE_CHECKS */;
/*!40101 SET CHARACTER_SET_CLIENT=@OLD_CHARACTER_SET_CLIENT */;
/*!40101 SET CHARACTER_SET_RESULTS=@OLD_CHARACTER_SET_RESULTS */;
/*!40101 SET COLLATION_CONNECTION=@OLD_COLLATION_CONNECTION */;
/*!40111 SET SQL_NOTES=@OLD_SQL_NOTES */;

-- Dump completed on 2011-06-22  4:44:51
